label,maturity,coupon,bid_quote,ask_quote,clean_price,accrued_interest,dirty_price,wsj_asked_yield,street_yield_pct,modified_duration,years_to_maturity,n_cash_flows,in_fit,model_clean_price,price_error,model_yield_pct,yield_error_bp
4.625% 2026-09-15,2026-09-15,4.625,100,100.01,100.03125,2.224524457,102.2557745,2.937,2.916356434,0.01874835471,0.01917808219,1,False,100.016542,-0.01470799679,3.673047817,75.66913832
0.875% 2026-09-30,2026-09-30,0.875,99.256,99.266,99.8359375,0.3849043716,100.2208419,3.625,3.596460917,0.05904747985,0.0602739726,1,False,99.83057548,-0.005362018292,3.685666027,8.920510998
1.625% 2026-09-30,2026-09-30,1.625,99.276,99.286,99.8984375,0.7148224044,100.6132599,3.318,3.29442728,0.05913520643,0.0602739726,1,False,99.8748285,-0.02360899998,3.685666027,39.12387472
3.500% 2026-09-30,2026-09-30,3.5,99.306,99.316,99.9921875,1.539617486,101.531805,3.603,3.575206401,0.05905364477,0.0602739726,1,False,99.98546105,-0.006726454192,3.685666027,11.04596265
4.625% 2026-10-15,2026-10-15,4.625,100.022,100.032,100.1015625,1.844945355,101.9465079,3.576,3.551229763,0.09932919226,0.101369863,1,False,100.0845064,-0.01705605384,3.717346953,16.61171893
1.125% 2026-10-31,2026-10-31,1.125,99.186,99.196,99.6171875,0.4004755435,100.017663,3.808,3.78235079,0.1413485894,0.1452054795,1,False,99.61886087,0.001673365968,3.770670913,-1.167987705
1.625% 2026-10-31,2026-10-31,1.625,99.212,99.222,99.6953125,0.5784646739,100.2737772,3.755,3.730353182,0.1413846654,0.1452054795,1,False,99.68952142,-0.00579107793,3.770670913,4.031773039
4.125% 2026-10-31,2026-10-31,4.125,100,100.01,100.03125,1.468410326,101.4996603,3.877,3.85027778,0.1413014892,0.1452054795,1,False,100.0428242,0.01157420258,3.770670913,-7.960686701
2.000% 2026-11-15,2026-11-15,2,99.204,99.214,99.671875,0.6304347826,100.3023098,3.787,3.76435528,0.1813689234,0.1863013699,1,False,99.66517865,-0.006696348075,3.80073886,3.638357975
4.625% 2026-11-15,2026-11-15,4.625,100.04,100.05,100.15625,1.457880435,101.6141304,3.741,3.719376182,0.1814089677,0.1863013699,1,False,100.1410795,-0.01517053854,3.80073886,8.136267784
6.500% 2026-11-15,2026-11-15,6.5,100.13,100.14,100.4375,2.048913043,102.486413,4.058,4.032098323,0.1811309203,0.1863013699,1,False,100.4810086,0.04350861113,3.80073886,-23.1359463
1.250% 2026-11-30,2026-11-30,1.25,99.126,99.136,99.4296875,0.3415300546,99.77121755,3.793,3.773505105,0.2225764887,0.2273972603,1,False,99.42168805,-0.007999450774,3.80916609,3.566098499
1.625% 2026-11-30,2026-11-30,1.625,99.156,99.166,99.5234375,0.443989071,99.96742657,3.747,3.727682608,0.2226265507,0.2273972603,1,False,99.50512323,-0.01831427194,3.80916609,8.148348265
4.250% 2026-11-30,2026-11-30,4.25,100.022,100.032,100.1015625,1.161202186,101.2627647,3.774,3.754732646,0.2225969953,0.2273972603,1,False,100.0891695,-0.01239302013,3.80916609,5.443344376
4.375% 2026-12-15,2026-12-15,4.375,100.044,100.054,100.171875,1.016051913,101.1879269,3.705,3.689273616,0.2629098313,0.2684931507,1,True,100.1321357,-0.03973931298,3.837452505,14.81788892
1.250% 2026-12-31,2026-12-31,1.25,99.052,99.062,99.1953125,0.2377717391,99.43308424,3.884,3.869524664,0.3039028116,0.3123287671,1,True,99.18971901,-0.005593490347,3.8879025,1.837783566
1.750% 2026-12-31,2026-12-31,1.75,99.102,99.112,99.3515625,0.3328804348,99.68444293,3.869,3.855367639,0.3039239165,0.3123287671,1,True,99.34163514,-0.009927364263,3.8879025,3.253486079
4.250% 2026-12-31,2026-12-31,4.25,100.024,100.034,100.109375,0.808423913,100.9177989,3.876,3.861489119,0.3039147904,0.3123287671,1,True,100.1012158,-0.008159233844,3.8879025,2.641338076
4.000% 2027-01-15,2027-01-15,4,100.01,100.02,100.0625,0.597826087,100.6603261,3.807,3.796635253,0.3440130185,0.3534246575,1,True,100.0213825,-0.04111748154,3.914761269,11.81260158
1.500% 2027-01-31,2027-01-31,1.5,99.004,99.014,99.046875,0.1589673913,99.20584239,3.959,3.950337422,0.386389887,0.397260274,1,True,99.04985121,0.002976210525,3.94260526,-0.7732162849
4.125% 2027-01-31,2027-01-31,4.125,100.01,100.02,100.0625,0.4371603261,100.4996603,3.955,3.946659419,0.3863968552,0.397260274,1,True,100.0640809,0.00158085058,3.94260526,-0.405415942
2.250% 2027-02-15,2027-02-15,2.25,99.082,99.092,99.2890625,0.1467391304,99.43580163,3.912,3.907200612,0.4264514518,0.4383561644,1,True,99.26323278,-0.0258297214,3.967976787,6.077617475
4.125% 2027-02-15,2027-02-15,4.125,100.012,100.022,100.0703125,0.2690217391,100.3393342,3.955,3.949877962,0.4263622151,0.4383561644,1,True,100.0625507,-0.007761848861,3.967976787,1.809882523
6.625% 2027-02-15,2027-02-15,6.625,101.03,101.04,101.125,0.4320652174,101.5570652,3.981,3.975597356,0.4263084549,0.4383561644,1,True,101.1283078,0.003307814523,3.967976787,-0.7620569479
1.125% 2027-02-28,2027-02-28,1.125,98.202,98.212,98.6640625,0.02486187845,98.68892438,3.974,3.972512557,0.4685930928,0.4739726027,1,True,98.68635291,0.02229040839,3.924364181,-4.814837586
1.875% 2027-02-28,2027-02-28,1.875,99.002,99.012,99.0390625,0.04143646409,99.08049896,3.923,3.921808906,0.468709605,0.4739726027,1,True,99.03787484,-0.001187664678,3.924364181,0.2555275245
4.125% 2027-02-28,2027-02-28,4.125,100.016,100.026,100.0859375,0.09116022099,100.1770977,3.94,3.938202556,0.4686719276,0.4739726027,1,True,100.0924406,0.006503116119,3.924364181,-1.383837502
4.250% 2027-03-15,2027-03-15,4.25,100.042,100.052,100.1640625,2.044157609,102.2082201,3.926,3.926086559,0.4988415042,0.5150684932,2,True,100.1524772,-0.0115852784,3.948811741,2.272518174
0.625% 2027-03-31,2027-03-31,0.625,98.042,98.052,98.1640625,0.274931694,98.43899419,3.971,3.971250958,0.5476514528,0.5589041096,2,True,98.15281675,-0.01124575344,3.992113356,2.086239798
2.500% 2027-03-31,2027-03-31,2.5,99.052,99.062,99.1953125,1.099726776,100.2950393,3.964,3.96449231,0.5431262634,0.5589041096,2,True,99.18042069,-0.01489181297,3.991834229,2.734191888
3.875% 2027-03-31,2027-03-31,3.875,99.294,99.304,99.953125,1.704576503,101.6577015,3.957,3.956776942,0.539920454,0.5589041096,2,True,99.93399691,-0.01912808995,3.99163315,3.485620792
4.500% 2027-04-15,2027-04-15,4.5,100.082,100.092,100.2890625,1.795081967,102.0841445,4.002,4.002375725,0.5785389845,0.6,2,True,100.2835207,-0.00554181357,4.011759616,0.9383890856
0.500% 2027-04-30,2027-04-30,0.5,97.24,97.25,97.78125,0.1779891304,97.95923913,4.024,4.023704883,0.6300767833,0.6410958904,2,True,97.78349354,0.002243541615,4.020070033,-0.3634849213
2.750% 2027-04-30,2027-04-30,2.75,99.044,99.054,99.171875,0.9789402174,100.1508152,4.061,4.061255912,0.6245151477,0.6410958904,2,True,99.1979941,0.02611909503,4.019505657,-4.175025515
3.750% 2027-04-30,2027-04-30,3.75,99.254,99.264,99.828125,1.334918478,101.1630435,4.017,4.016934215,0.6223085878,0.6410958904,2,True,99.82666101,-0.001463992336,4.019259717,0.232550231
2.375% 2027-05-15,2027-05-15,2.375,98.262,98.272,98.8515625,0.7486413043,99.6002038,4.089,4.088562521,0.6652657888,0.6821917808,2,True,98.8834461,0.03188360128,4.040457454,-4.810506656
4.500% 2027-05-15,2027-05-15,4.5,100.074,100.084,100.265625,1.418478261,101.6841033,4.095,4.09472951,0.6602830859,0.6821917808,2,True,100.3024847,0.0368596694,4.03984748,-5.488203025
0.500% 2027-05-31,2027-05-31,0.5,97.14,97.15,97.46875,0.1366120219,97.60536202,4.069,4.069027959,0.7110407118,0.7260273973,2,True,97.46761361,-0.001136392964,4.070665396,0.1637437249
2.625% 2027-05-31,2027-05-31,2.625,98.302,98.312,98.9765625,0.7172131148,99.69377561,4.064,4.063727555,0.7059099516,0.7260273973,2,True,98.97224477,-0.004317729588,4.069863113,0.6135558246
3.875% 2027-05-31,2027-05-31,3.875,99.262,99.272,99.8515625,1.058743169,100.9103057,4.078,4.077520545,0.7029322206,0.7260273973,2,True,99.85732193,0.005759425339,4.069401423,-0.8119121404
4.625% 2027-06-15,2027-06-15,4.625,100.114,100.124,100.390625,1.074112022,101.464737,4.095,4.095194777,0.7413079997,0.7671232877,2,True,100.3971943,0.006569292185,4.086461419,-0.8733358169
0.500% 2027-06-30,2027-06-30,0.5,97.034,97.044,97.140625,0.09510869565,97.2357337,4.126,4.125888003,0.7921711863,0.8082191781,2,True,97.16086223,0.02023723132,4.099619642,-2.62683612
3.250% 2027-06-30,2027-06-30,3.25,99.092,99.102,99.3203125,0.6182065217,99.93851902,4.107,4.107035774,0.7856214799,0.8082191781,2,True,99.32694757,0.006635067123,4.098585408,-0.8450366924
3.750% 2027-06-30,2027-06-30,3.75,99.212,99.222,99.6953125,0.7133152174,100.4086277,4.131,4.130733295,0.7843632979,0.8082191781,2,True,99.72078126,0.02546876454,4.098401507,-3.233178816
4.375% 2027-07-15,2027-07-15,4.375,100.05,100.06,100.1875,0.6538722826,100.8413723,4.143,4.142698965,0.8228087748,0.8493150685,2,True,100.2099877,0.02248765094,4.11560149,-2.709747511
0.375% 2027-07-31,2027-07-31,0.375,96.214,96.224,96.703125,0.03974184783,96.74286685,4.17,4.169787772,0.8748290486,0.8931506849,2,True,96.73255482,0.02942981814,4.135022761,-3.476501044
2.750% 2027-07-31,2027-07-31,2.75,98.232,98.242,98.7578125,0.2914402174,99.04925272,4.177,4.177275253,0.8690417662,0.8931506849,2,True,98.79502312,0.03721061954,4.134058994,-4.321625896
3.875% 2027-07-31,2027-07-31,3.875,99.226,99.236,99.7421875,0.4106657609,100.1528533,4.168,4.167939924,0.8664484465,0.8931506849,2,True,99.77198179,0.02979428863,4.133613744,-3.432618034
2.250% 2027-08-15,2027-08-15,2.25,98.072,98.082,98.2578125,0.1467391304,98.40455163,4.168,4.168185528,0.9101986391,0.9342465753,2,True,98.2738417,0.01602919521,4.150291593,-1.789393414
3.750% 2027-08-15,2027-08-15,3.75,99.186,99.196,99.6171875,0.2445652174,99.86175272,4.169,4.169394841,0.9066604352,0.9342465753,2,True,99.63503637,0.01784886591,4.149683926,-1.971091565
6.375% 2027-08-15,2027-08-15,6.375,101.296,101.306,101.9609375,0.4157608696,102.3766984,4.21,4.209572314,0.9005400871,0.9342465753,2,True,102.017127,0.05618953963,4.148651413,-6.092090094
0.500% 2027-08-31,2027-08-31,0.5,96.144,96.154,96.484375,0.01104972376,96.49542472,4.207,4.207094085,0.9565100358,0.9780821918,2,True,96.51964782,0.03527281671,4.168888765,-3.82053201
3.125% 2027-08-31,2027-08-31,3.125,98.304,98.314,98.984375,0.06906077348,99.05343577,4.195,4.195159353,0.9502363796,0.9780821918,2,True,99.01056764,0.02619263901,4.167337194,-2.782215883
3.625% 2027-08-31,2027-08-31,3.625,99.136,99.146,99.4609375,0.08011049724,99.541048,4.193,4.19254434,0.9490797255,0.9780821918,2,True,99.48502856,0.02409105754,4.167048399,-2.549594133
3.375% 2027-09-15,2027-09-15,3.375,99.054,99.064,99.203125,1.62330163,100.8264266,4.181,4.181274041,0.973750121,1.019178082,3,True,99.2041373,0.001012300236,4.18024298,-0.1031060422
0.375% 2027-09-30,2027-09-30,0.375,96.012,96.022,96.0703125,0.1649590164,96.23527152,4.204,4.203693076,1.035450487,1.060273973,3,True,96.07897318,0.008660684539,4.195002275,-0.8690800521
3.500% 2027-09-30,2027-09-30,3.5,99.076,99.086,99.2734375,1.539617486,100.813055,4.206,4.206057928,1.013010483,1.060273973,3,True,99.28686558,0.01342807643,4.192910535,-1.31473923
4.125% 2027-09-30,2027-09-30,4.125,99.284,99.294,99.921875,1.81454918,101.7364242,4.199,4.198904605,1.00880424,1.060273973,3,True,99.92844405,0.006569054809,4.192504334,-0.6400271099
3.875% 2027-10-15,2027-10-15,3.875,99.186,99.196,99.6171875,1.545765027,101.1629525,4.231,4.231413625,1.050458784,1.101369863,3,True,99.64506771,0.02788020878,4.205183124,-2.623050107
0.500% 2027-10-31,2027-10-31,0.5,95.26,95.27,95.84375,0.1779891304,96.02173913,4.26,4.260332341,1.116386121,1.145205479,3,True,95.88303698,0.03928698369,4.223693925,-3.663841593
3.500% 2027-10-31,2027-10-31,3.5,99.044,99.054,99.171875,1.245923913,100.4177989,4.246,4.245834164,1.094973322,1.145205479,3,True,99.19899339,0.02711838533,4.221175829,-2.465833562
4.125% 2027-10-31,2027-10-31,4.125,99.264,99.274,99.859375,1.468410326,101.3277853,4.248,4.248205776,1.090716396,1.145205479,3,True,99.88981764,0.03044263567,4.220666909,-2.753886716
2.250% 2027-11-15,2027-11-15,2.25,97.212,97.222,97.6953125,0.7092391304,98.40455163,4.263,4.263013783,1.143511503,1.18630137,3,True,97.72723042,0.03191792177,4.234655653,-2.835813042
4.125% 2027-11-15,2027-11-15,4.125,99.26,99.27,99.84375,1.300271739,101.1440217,4.257,4.257203697,1.13057757,1.18630137,3,True,99.87139422,0.02764421848,4.233033643,-2.417005359
6.125% 2027-11-15,2027-11-15,6.125,102.026,102.036,102.1171875,1.930706522,104.047894,4.267,4.26688327,1.117440454,1.18630137,3,True,102.1585023,0.04131476832,4.231359309,-3.552396069
0.625% 2027-11-30,2027-11-30,0.625,95.212,95.222,95.6953125,0.1707650273,95.86607753,4.263,4.2630657,1.196463553,1.22739726,3,True,95.7173629,0.02205040039,4.243844454,-1.922124606
3.375% 2027-11-30,2027-11-30,3.375,98.29,98.3,98.9375,0.9221311475,99.85963115,4.269,4.269445267,1.176724664,1.22739726,3,True,98.97048039,0.03298038896,4.241385218,-2.806004857
3.875% 2027-11-30,2027-11-30,3.875,99.16,99.17,99.53125,1.058743169,100.5899932,4.267,4.266961837,1.173325806,1.22739726,3,True,99.5619563,0.03070629597,4.240950718,-2.601111927
4.000% 2027-12-15,2027-12-15,4,99.2,99.21,99.65625,0.9289617486,100.5852117,4.277,4.277145431,1.212544834,1.268493151,3,True,99.68730692,0.03105691861,4.25168702,-2.545841078
0.625% 2027-12-31,2027-12-31,0.625,95.112,95.122,95.3828125,0.1188858696,95.50169837,4.287,4.287071914,1.277586748,1.312328767,3,True,95.40171032,0.01889782342,4.271585503,-1.548641043
3.375% 2027-12-31,2027-12-31,3.375,98.26,98.27,98.84375,0.6419836957,99.4857337,4.289,4.288892259,1.257872869,1.312328767,3,True,98.86873472,0.02498472491,4.268930418,-1.996184135
3.875% 2027-12-31,2027-12-31,3.875,99.14,99.15,99.46875,0.7370923913,100.2058424,4.293,4.292603448,1.254435412,1.312328767,3,True,99.4991028,0.03035279791,4.268461904,-2.414154353
4.250% 2028-01-15,2028-01-15,4.25,99.284,99.294,99.921875,0.6351902174,100.5570652,4.307,4.306518119,1.291720322,1.353424658,3,True,99.95795349,0.03607848533,4.278749219,-2.776890051
0.750% 2028-01-31,2028-01-31,0.75,95.064,95.074,95.234375,0.07948369565,95.3138587,4.308,4.308490346,1.358983438,1.397260274,3,True,95.25432288,0.01994787709,4.293092338,-1.539800822
3.500% 2028-01-31,2028-01-31,3.5,98.284,98.294,98.921875,0.370923913,99.29279891,4.303,4.302787374,1.339391459,1.397260274,3,True,98.93837581,0.01650080926,4.290381417,-1.240595761
2.750% 2028-02-15,2028-02-15,2.75,97.264,97.274,97.859375,0.1793478261,98.03872283,4.303,4.303269531,1.384486755,1.438356164,3,True,97.86251083,0.003135829992,4.300959294,-0.2310237346
4.250% 2028-02-15,2028-02-15,4.25,99.284,99.294,99.921875,0.277173913,100.1990489,4.305,4.304874622,1.374195247,1.438356164,3,True,99.92925658,0.007381577883,4.299513999,-0.5360623033
1.125% 2028-02-29,2028-02-29,1.125,95.146,95.156,95.4921875,0.02486187845,95.51704938,4.306,4.30575023,1.438340209,1.476712329,3,True,95.50498176,0.01279426364,4.296438429,-0.9311801262
3.375% 2028-02-29,2028-02-29,3.375,98.212,98.222,98.6953125,0.07458563536,98.76989814,4.295,4.295022336,1.422417433,1.476712329,3,True,98.69653446,0.001221957979,4.294152573,-0.08697630681
4.000% 2028-02-29,2028-02-29,4,99.164,99.174,99.546875,0.08839779006,99.63527279,4.319,4.319152949,1.417984798,1.476712329,3,True,99.58307687,0.03620187307,4.293535296,-2.561765365
3.875% 2028-03-15,2028-03-15,3.875,99.104,99.114,99.359375,1.863790761,101.2231658,4.315,4.314716442,1.431565244,1.517808219,4,True,99.37780808,0.01843308405,4.301997449,-1.271899264
1.250% 2028-03-31,2028-03-31,1.25,95.116,95.126,95.3984375,0.549863388,95.94830089,4.332,4.33163564,1.508226361,1.561643836,4,True,95.41368965,0.01525214942,4.321097082,-1.053855819
3.625% 2028-03-31,2028-03-31,3.625,98.292,98.302,98.9453125,1.594603825,100.5399163,4.33,4.33003606,1.474989644,1.561643836,4,True,98.96254509,0.01723258537,4.318416962,-1.161909781
3.875% 2028-03-31,2028-03-31,3.875,99.092,99.102,99.3203125,1.704576503,101.024889,4.329,4.328765897,1.47167541,1.561643836,4,True,99.33610882,0.01579631547,4.318142358,-1.062353844
3.750% 2028-04-15,2028-04-15,3.75,99.022,99.032,99.1015625,1.495901639,100.5974641,4.335,4.33477218,1.51340083,1.602739726,4,True,99.11479801,0.01323551038,4.326079351,-0.8692829317
1.250% 2028-04-30,2028-04-30,1.25,95.03,95.04,95.125,0.4449728261,95.56997283,4.354,4.353949803,1.590181551,1.643835616,4,True,95.15904816,0.03404816273,4.331551056,-2.23987461
3.500% 2028-04-30,2028-04-30,3.5,98.204,98.214,98.671875,1.245923913,99.91779891,4.343,4.34331487,1.558689319,1.643835616,4,True,98.69445844,0.02258344155,4.328816402,-1.449846781
3.750% 2028-04-30,2028-04-30,3.75,99.007,99.017,99.05859375,1.334918478,100.3935122,4.347,4.346889938,1.555319619,1.643835616,4,True,99.08728181,0.02868805586,4.328520632,-1.836930595
2.875% 2028-05-15,2028-05-15,2.875,97.19,97.2,97.625,0.90625,98.53125,4.35,4.349989687,1.607021709,1.684931507,4,True,97.6446331,0.01963309552,4.337592139,-1.239754886
3.750% 2028-05-15,2028-05-15,3.75,99.006,99.016,99.0546875,1.182065217,100.2367527,4.335,4.334968469,1.595313495,1.684931507,4,True,99.0522043,-0.00248319897,4.336521376,0.1552907708
1.250% 2028-05-31,2028-05-31,1.25,94.272,94.282,94.8828125,0.3415300546,95.22434255,4.357,4.357459503,1.671143167,1.728767123,4,True,94.89204067,0.009228168901,4.351660858,-0.5798645111
3.625% 2028-05-31,2028-05-31,3.625,98.246,98.256,98.8046875,0.9904371585,99.79512466,4.348,4.348092954,1.637969364,1.728767123,4,True,98.80394481,-0.0007426907236,4.348547308,0.04543547085
4.000% 2028-05-31,2028-05-31,4,99.126,99.136,99.4296875,1.092896175,100.5225837,4.343,4.343152124,1.633037096,1.728767123,4,True,99.42161388,-0.008073615928,4.348070611,0.4918486315
3.875% 2028-06-15,2028-06-15,3.875,99.05,99.06,99.1875,0.899931694,100.0874317,4.354,4.354439846,1.67470059,1.769863014,4,True,99.18656361,-0.0009363892274,4.354998499,0.05586532881
1.250% 2028-06-30,2028-06-30,1.25,94.192,94.202,94.6328125,0.2377717391,94.87058424,4.366,4.365664186,1.752307795,1.810958904,4,True,94.63792067,0.00510817072,4.362591569,-0.307261678
4.000% 2028-06-30,2028-06-30,4,99.11,99.12,99.375,0.7608695652,100.1358696,4.36,4.359949251,1.714128156,1.810958904,4,True,99.37659974,0.001599737271,4.359017261,-0.09319898195
4.125% 2028-06-30,2028-06-30,4.125,99.176,99.186,99.5859375,0.7846467391,100.3705842,4.362,4.362383777,1.712463604,1.810958904,4,True,99.59199424,0.006056740296,4.358860117,-0.3523660168
3.875% 2028-07-15,2028-07-15,3.875,99.03,99.04,99.125,0.5791440217,99.70414402,4.37,4.369863517,1.755578689,1.852054795,4,True,99.13162124,0.006621241782,4.366080945,-0.37825721
1.000% 2028-07-31,2028-07-31,1,93.286,93.296,93.9296875,0.1059782609,94.03566576,4.374,4.373974473,1.838357885,1.895890411,4,True,93.9245385,-0.005149002666,4.376953096,0.2978623189
4.125% 2028-07-31,2028-07-31,4.125,99.172,99.182,99.5703125,0.4371603261,100.0074728,4.362,4.361767435,1.794910347,1.895890411,4,True,99.55040387,-0.01990862897,4.372859745,1.109231039
4.250% 2028-07-31,2028-07-31,4.25,99.242,99.252,99.7890625,0.4504076087,100.2394701,4.365,4.365122327,1.793243897,1.895890411,4,True,99.77543849,-0.01362401402,4.372702256,0.757992885
2.875% 2028-08-15,2028-08-15,2.875,97.074,97.084,97.265625,0.1875,97.453125,4.363,4.363160036,1.851574534,1.936986301,4,True,97.23368742,-0.03193757545,4.380863405,1.770336894
3.625% 2028-08-15,2028-08-15,3.625,98.19,98.2,98.625,0.2364130435,98.86141304,4.373,4.372688974,1.841314419,1.936986301,4,True,98.61187518,-0.01312482261,4.379899645,0.7210670507
5.500% 2028-08-15,2028-08-15,5.5,101.316,102.006,102.0234375,0.3586956522,102.3821332,4.396,4.395788239,1.816905156,1.936986301,4,True,102.0573446,0.03390705949,4.377564367,-1.822387178
1.125% 2028-08-31,2028-08-31,1.125,93.276,93.286,93.8984375,0.02486187845,93.92329938,4.379,4.378877455,1.918546495,1.980821918,4,True,93.87771329,-0.020724208,4.390379966,1.150251114
4.125% 2028-08-31,2028-08-31,4.125,99.163,99.173,99.54296875,0.09116022099,99.63412897,4.368,4.368207111,1.876935645,1.980821918,4,True,99.5096032,-0.03336554692,4.386052818,1.784570652
4.375% 2028-08-31,2028-08-31,4.375,99.312,100.002,100.0078125,0.09668508287,100.1044976,4.37,4.370303096,1.87365303,1.980821918,4,True,99.97892736,-0.02888513766,4.38570633,1.540323401
3.375% 2028-09-15,2028-09-15,3.375,98.014,98.024,98.078125,1.62330163,99.70142663,4.38,4.379616765,1.894764706,2.021917808,5,True,98.05453532,-0.02358968253,4.392105881,1.248911627
1.250% 2028-09-30,2028-09-30,1.25,93.276,93.286,93.8984375,0.549863388,94.44830089,4.379,4.379297007,1.98435757,2.063013699,5,True,93.85923149,-0.03920600507,4.400221356,2.092434839
4.625% 2028-09-30,2028-09-30,4.625,100.136,100.146,100.4609375,2.034494536,102.495432,4.387,4.387183963,1.908126128,2.063013699,5,True,100.445055,-0.01588251406,4.395305744,0.8121781554
3.500% 2028-10-15,2028-10-15,3.5,98.062,98.072,98.2265625,1.396174863,99.62273736,4.391,4.391271265,1.97220266,2.104109589,5,True,98.20600773,-0.02055476745,4.401734352,1.046308673
1.375% 2028-10-31,2028-10-31,1.375,93.276,93.286,93.8984375,0.4894701087,94.38790761,4.387,4.387108776,2.063337899,2.147945205,5,True,93.85072114,-0.04771635678,4.41161733,2.450855406
4.875% 2028-10-31,2028-10-31,4.875,100.304,100.314,100.984375,1.735394022,102.719769,4.386,4.38625344,1.985080822,2.147945205,5,True,100.9438705,-0.04050453795,4.406122694,1.986925369
3.125% 2028-11-15,2028-11-15,3.125,97.112,97.122,97.3828125,0.9850543478,98.36786685,4.392,4.392493022,2.062376609,2.189041096,5,True,97.33964687,-0.04316562674,4.413776231,2.128320907
3.500% 2028-11-15,2028-11-15,3.5,98.04,98.05,98.15625,1.10326087,99.25951087,4.392,4.392118595,2.054084824,2.189041096,5,True,98.11331495,-0.04293505018,4.413182573,2.106397803
5.250% 2028-11-15,2028-11-15,5.25,101.232,101.242,101.7578125,1.654891304,103.4127038,4.394,4.394164319,2.017236674,2.189041096,5,True,101.723766,-0.03404652626,4.410488589,1.632427039
1.500% 2028-11-30,2028-11-30,1.5,93.282,93.292,93.9140625,0.4098360656,94.32389857,4.398,4.398040909,2.141162986,2.230136986,5,True,93.87211666,-0.04194583635,4.418815725,2.077481598
4.375% 2028-11-30,2028-11-30,4.375,99.292,99.302,99.9453125,1.195355191,101.1406677,4.398,4.398240371,2.076314972,2.230136986,5,True,99.91169441,-0.03361808568,4.414252368,1.601199655
3.500% 2028-12-15,2028-12-15,3.5,98.014,98.024,98.078125,0.8128415301,98.89096653,4.397,4.39749698,2.135216245,2.271232877,5,True,98.03098834,-0.04713665551,4.419827055,2.233007476
1.375% 2028-12-31,2028-12-31,1.375,93.122,93.132,93.4140625,0.261548913,93.67561141,4.404,4.404255816,2.225345484,2.315068493,5,True,93.35854012,-0.05552237505,4.430899999,2.664418229
3.750% 2028-12-31,2028-12-31,3.75,98.174,98.184,98.578125,0.7133152174,99.29144022,4.402,4.401946342,2.170833781,2.315068493,5,True,98.52415475,-0.05397025411,4.426993811,2.504746926
3.500% 2029-01-15,2029-01-15,3.5,97.302,97.312,97.9765625,0.5230978261,98.49966033,4.414,4.41391395,2.216021946,2.356164384,5,True,97.93771239,-0.0388501112,4.431716823,1.780287269
1.750% 2029-01-31,2029-01-31,1.75,93.312,94.002,94.0078125,0.1854619565,94.19327446,4.414,4.414355603,2.298607901,2.4,5,True,93.95440776,-0.05340474001,4.43902996,2.467435632
4.000% 2029-01-31,2029-01-31,4,99.012,99.022,99.0703125,0.4239130435,99.49422554,4.412,4.411852539,2.247752463,2.4,5,True,99.01771399,-0.05259851313,4.43537972,2.352718127
2.625% 2029-02-15,2029-02-15,2.625,95.28,95.29,95.90625,0.1711956522,96.07744565,4.416,4.416142106,2.318012245,2.44109589,5,True,95.84956086,-0.05668914103,4.441605722,2.54636157
3.500% 2029-02-15,2029-02-15,3.5,97.276,97.286,97.8984375,0.2282608696,98.12669837,4.419,4.418952603,2.29837956,2.44109589,5,True,97.85052574,-0.04791176462,4.44020286,2.125025735
5.250% 2029-02-15,2029-02-15,5.25,102.034,102.044,102.140625,0.3423913043,102.4830163,4.313,4.313022005,2.262893188,2.44109589,5,True,101.8524555,-0.2881695118,4.437500751,12.44787456
1.875% 2029-02-28,2029-02-28,1.875,94.024,94.034,94.109375,0.04143646409,94.15081146,4.41,4.410436876,2.377746897,2.476712329,5,True,94.06081867,-0.04855633448,4.432133521,2.169664528
4.250% 2029-02-28,2029-02-28,4.25,99.192,99.202,99.6328125,0.09392265193,99.72673515,4.408,4.407629891,2.324553233,2.476712329,5,True,99.58458509,-0.04822741012,4.428439919,2.081002773
3.500% 2029-03-15,2029-03-15,3.5,97.264,97.274,97.859375,1.683423913,99.54279891,4.407,4.406845699,2.339456408,2.517808219,6,True,97.79890288,-0.06047211813,4.432823059,2.597735983
2.375% 2029-03-31,2029-03-31,2.375,95.016,95.026,95.0859375,1.044740437,96.13067794,4.426,4.425833898,2.416847075,2.561643836,6,True,95.04666842,-0.03926907525,4.442740194,1.690629616
4.125% 2029-03-31,2029-03-31,4.125,99.084,99.094,99.296875,1.81454918,101.1114242,4.417,4.417490899,2.359728896,2.561643836,6,True,99.24336247,-0.05351252856,4.439926459,2.243555938
3.875% 2029-04-15,2029-04-15,3.875,98.2,98.21,98.65625,1.545765027,100.202015,4.426,4.426198515,2.407533647,2.602739726,6,True,98.61473742,-0.04151258008,4.443410966,1.721245154
2.875% 2029-04-30,2029-04-30,2.875,96.042,96.052,96.1640625,1.0234375,97.1875,4.427,4.427033066,2.48197934,2.643835616,6,True,96.12114879,-0.04291370764,4.444828355,1.779528917
4.625% 2029-04-30,2029-04-30,4.625,100.15,100.16,100.5,1.646399457,102.1463995,4.42,4.420445788,2.426451126,2.643835616,6,True,100.4466051,-0.05339493028,4.441995771,2.154998346
2.375% 2029-05-15,2029-05-15,2.375,94.266,94.276,94.8671875,0.7486413043,95.6158288,4.422,4.422385371,2.538869253,2.684931507,6,True,94.80247447,-0.06471303132,4.449053982,2.666861114
3.875% 2029-05-15,2029-05-15,3.875,98.185,98.195,98.61328125,1.221467391,99.83474864,4.427,4.426524492,2.489406607,2.684931507,6,True,98.56350312,-0.0497781318,4.446559735,2.003524297
2.750% 2029-05-31,2029-05-31,2.75,95.22,95.23,95.71875,0.7513661202,96.47011612,4.433,4.432721637,2.567050643,2.728767123,6,True,95.66538895,-0.05336105317,4.454276404,2.15547666
4.500% 2029-05-31,2029-05-31,4.5,100.044,100.054,100.171875,1.229508197,101.4013832,4.43,4.429985644,2.511067667,2.728767123,6,True,100.1175092,-0.05436583508,4.451343994,2.135834937
4.125% 2029-06-15,2029-06-15,4.125,99.054,99.064,99.203125,0.9579918033,100.1611168,4.432,4.431926959,2.562675968,2.769863014,6,True,99.14464511,-0.05847988645,4.454718272,2.279131342
3.250% 2029-06-30,2029-06-30,3.25,96.27,96.28,96.875,0.6182065217,97.49320652,4.444,4.443750048,2.631511629,2.810958904,6,True,96.84012676,-0.0348732434,4.457345919,1.359587128
4.250% 2029-06-30,2029-06-30,4.25,99.152,99.162,99.5078125,0.808423913,100.3162364,4.436,4.436146696,2.599849648,2.810958904,6,True,99.45680205,-0.05101045322,4.455711477,1.956478074
4.125% 2029-07-15,2029-07-15,4.125,99.04,99.05,99.15625,0.6165081522,99.77275815,4.442,4.441611265,2.643516568,2.852054795,6,True,99.1106094,-0.04564059679,4.458920523,1.730925879
2.625% 2029-07-31,2029-07-31,2.625,95.024,95.034,95.109375,0.2781929348,95.38756793,4.444,4.443681339,2.734726664,2.895890411,6,True,95.05510407,-0.0542709275,4.464493153,2.08118148
4.000% 2029-07-31,2029-07-31,4,98.244,98.254,98.796875,0.4239130435,99.22078804,4.446,4.446282635,2.68987965,2.895890411,6,True,98.75429868,-0.042576322,4.462239435,1.595679992
1.625% 2029-08-15,2029-08-15,1.625,92.104,92.114,92.359375,0.1059782609,92.46535326,4.43,4.429682095,2.80973002,2.936986301,6,True,92.2572732,-0.1021018028,4.469007637,3.932554129
4.250% 2029-08-15,2029-08-15,4.25,99.14,99.15,99.46875,0.277173913,99.74592391,4.444,4.444110795,2.722011472,2.936986301,6,True,99.41290503,-0.05584497147,4.464686109,2.057531453
6.125% 2029-08-15,2029-08-15,6.125,104.17,104.18,104.5625,0.3994565217,104.9619565,4.448,4.448091744,2.666912825,2.936986301,6,True,104.5240706,-0.0384293777,4.46182332,1.373157577
3.125% 2029-08-31,2029-08-31,3.125,96.096,96.112,96.3515625,0.06906077348,96.42062327,4.446,4.44635917,2.800035789,2.980821918,6,True,96.28920138,-0.06236112143,4.469466452,2.310728182
3.625% 2029-08-31,2029-08-31,3.625,97.214,97.23,97.71875,0.08011049724,97.7988605,4.451,4.451128547,2.783730469,2.980821918,6,True,97.6712284,-0.04752159566,4.468589063,1.746051616
3.500% 2029-09-30,2029-09-30,3.5,97.076,97.092,97.2890625,1.539617486,98.82867999,4.457,4.456775444,2.818459228,3.063013699,7,True,97.24396723,-0.04509527275,4.472969545,1.619410178
3.875% 2029-09-30,2029-09-30,3.875,98.1,98.114,98.359375,1.704576503,100.0639515,4.454,4.453635268,2.80214407,3.063013699,7,True,98.30698838,-0.05238662289,4.472324492,1.868922354
4.000% 2029-10-31,2029-10-31,4,98.192,98.206,98.6484375,1.423913043,100.0723505,4.464,4.463965783,2.878676035,3.147945205,7,True,98.6101829,-0.03825460433,4.47724822,1.328243764
4.125% 2029-10-31,2029-10-31,4.125,98.31,99.004,99.015625,1.468410326,100.4840353,4.462,4.462435736,2.873378746,3.147945205,7,True,98.9735089,-0.04211609748,4.477026197,1.459046148
1.750% 2029-11-15,2029-11-15,1.75,92,92.014,92.046875,0.5516304348,92.59850543,4.455,4.455494126,3.022531718,3.189041096,7,True,91.96791005,-0.07896495079,4.483722029,2.822790235
3.875% 2029-11-30,2029-11-30,3.875,98.062,98.076,98.2421875,1.058743169,99.30093067,4.464,4.464200445,2.964987548,3.230136986,7,True,98.19454849,-0.04763900656,4.480385431,1.618498551
4.125% 2029-11-30,2029-11-30,4.125,98.296,98.312,98.9765625,1.12704918,100.1036117,4.467,4.467202961,2.954239259,3.230136986,7,True,98.93888729,-0.03767521109,4.479945596,1.274263452
3.875% 2029-12-31,2029-12-31,3.875,98.036,98.052,98.1640625,0.7370923913,98.90115489,4.476,4.476320818,3.045956034,3.315068493,7,True,98.13337172,-0.030690778,4.486510575,1.018975711
4.375% 2029-12-31,2029-12-31,4.375,99.206,99.222,99.6953125,0.832201087,100.5275136,4.473,4.473192109,3.024797652,3.315068493,7,True,99.65751257,-0.03779993248,4.485626035,1.243392625
3.500% 2030-01-31,2030-01-31,3.5,96.28,96.294,96.921875,0.370923913,97.29279891,4.487,4.486809973,3.144527639,3.4,7,True,96.90746499,-0.0144100078,4.491520466,0.4710493277
4.250% 2030-01-31,2030-01-31,4.25,99.074,99.09,99.28125,0.4504076087,99.73165761,4.479,4.479374472,3.112314918,3.4,7,True,99.24765714,-0.03359286449,4.490199229,1.082475674
1.500% 2030-02-15,2030-02-15,1.5,90.186,90.202,90.6328125,0.09782608696,90.73063859,4.472,4.471985919,3.279350813,3.44109589,7,True,90.55768914,-0.07512336018,4.497246458,2.526053892
4.000% 2030-02-28,2030-02-28,4,98.14,98.154,98.484375,0.08839779006,98.57277279,4.475,4.475135413,3.205047572,3.476712329,7,True,98.45526218,-0.02911282424,4.48435198,0.9216567431
3.625% 2030-03-31,2030-03-31,3.625,97.046,97.062,97.1953125,1.594603825,98.78991633,4.486,4.485513731,3.24215723,3.561643836,8,True,97.17590306,-0.01940944462,4.49157436,0.6060629006
4.000% 2030-03-31,2030-03-31,4,98.116,98.132,98.4140625,1.759562842,100.1736253,4.486,4.486240336,3.220990641,3.561643836,8,True,98.3989611,-0.01510140352,4.49092107,0.4680734325
3.500% 2030-04-30,2030-04-30,3.5,96.206,96.222,96.6953125,1.245923913,97.94123641,4.492,4.492051899,3.33127117,3.643835616,8,True,96.69373438,-0.001578115822,4.492535589,0.04836904166
3.875% 2030-04-30,2030-04-30,3.875,97.294,97.31,97.96875,1.379415761,99.34816576,4.484,4.484087269,3.310094195,3.643835616,8,True,97.94314841,-0.0256015888,4.491873618,0.7786348346
0.625% 2030-05-15,2030-05-15,0.625,86.304,87,87,0.1970108696,87.19701087,4.492,4.492214518,3.557246863,3.684931507,8,True,86.97634553,-0.02365446618,4.499841717,0.7627199198
6.250% 2030-05-15,2030-05-15,6.25,105.276,105.292,105.9140625,1.970108696,107.8841712,4.488,4.488318031,3.227321804,3.684931507,8,True,105.9090707,-0.004991810104,4.48975177,0.1433739953
3.750% 2030-05-31,2030-05-31,3.75,97.126,97.142,97.4453125,1.024590164,98.46990266,4.501,4.500735148,3.397715235,3.728767123,8,True,97.45577449,0.01046199263,4.497608374,-0.3126773572
4.000% 2030-05-31,2030-05-31,4,98.082,98.096,98.3046875,1.092896175,99.39758367,4.498,4.497549527,3.383748226,3.728767123,8,True,98.30599144,0.001303938477,4.497161841,-0.03876857414
3.750% 2030-06-30,2030-06-30,3.75,97.106,97.122,97.3828125,0.7133152174,98.09612772,4.504,4.503855649,3.478824766,3.810958904,8,True,97.39747368,0.01466118261,4.499559829,-0.4295820188
3.875% 2030-06-30,2030-06-30,3.875,97.254,97.27,97.84375,0.7370923913,98.58084239,4.496,4.495688269,3.47195763,3.810958904,8,True,97.83124903,-0.01250097267,4.499340932,0.365266271
3.875% 2030-07-31,2030-07-31,3.875,97.232,97.246,97.7734375,0.4106657609,98.18410326,4.504,4.503775312,3.554158588,3.895890411,8,True,97.77594107,0.002503565562,4.503057891,-0.07174215904
4.000% 2030-07-31,2030-07-31,4,98.054,98.07,98.21875,0.4239130435,98.64266304,4.503,4.502773715,3.547194898,3.895890411,8,True,98.21850831,-0.0002416877914,4.502842788,0.006907255223
0.625% 2030-08-15,2030-08-15,0.625,86.034,86.05,86.15625,0.04076086957,86.19701087,4.503,4.503480229,3.801532759,3.936986301,8,True,86.13219784,-0.02405215644,4.510821512,0.7341282665
3.625% 2030-08-31,2030-08-31,3.625,96.242,96.256,96.8046875,0.08011049724,96.884798,4.511,4.511260653,3.65018618,3.980821918,8,True,96.81987814,0.01519064496,4.506965629,-0.4295023875
4.125% 2030-08-31,2030-08-31,4.125,98.184,98.2,98.625,0.09116022099,98.71616022,4.506,4.506165568,3.622224106,3.980821918,8,True,98.62544236,0.0004423626153,4.506041856,-0.01237125327
3.625% 2030-09-30,2030-09-30,3.625,96.224,96.24,96.75,1.594603825,98.34460383,4.509,4.509365145,3.663135009,4.063013699,9,True,96.74898919,-0.001010805007,4.509645732,0.02805863772
4.625% 2030-09-30,2030-09-30,4.625,100.12,100.134,100.421875,2.034494536,102.4563695,4.509,4.509382262,3.594063227,4.063013699,9,True,100.4275484,0.005673365593,4.50784162,-0.154064146
3.625% 2030-10-31,2030-10-31,3.625,96.194,96.21,96.65625,1.290421196,97.9466712,4.518,4.51771276,3.744980052,4.147945205,9,True,96.67298324,0.0167332441,4.513151373,-0.4561387641
4.875% 2030-10-31,2030-10-31,4.875,101.096,101.112,101.3515625,1.735394022,103.0869565,4.512,4.512262011,3.659636324,4.147945205,9,True,101.3570049,0.005442419905,4.510819442,-0.144256898
0.875% 2030-11-15,2030-11-15,0.875,86.064,86.08,86.25,0.2758152174,86.52581522,4.518,4.517643182,4.00847484,4.189041096,9,True,86.24036792,-0.009632076739,4.520420481,0.277729837
3.500% 2030-11-30,2030-11-30,3.5,96.014,96.03,96.09375,0.956284153,97.05003415,4.524,4.524459746,3.834772579,4.230136986,9,True,96.12740033,0.03365033443,4.51541981,-0.9039936056
4.375% 2030-11-30,2030-11-30,4.375,99.124,99.14,99.4375,1.195355191,100.6328552,4.521,4.521102967,3.77347804,4.230136986,9,True,99.46530371,0.02780371225,4.513782316,-0.7320650679
3.625% 2030-12-31,2030-12-31,3.625,96.146,96.162,96.5078125,0.6895380435,97.19735054,4.525,4.52473689,3.906891036,4.315068493,9,True,96.52661201,0.01879951268,4.519786818,-0.4950071754
3.750% 2030-12-31,2030-12-31,3.75,96.3,96.314,96.984375,0.7133152174,97.69769022,4.527,4.526779111,3.897885505,4.315068493,9,True,97.01192028,0.0275452776,4.519547056,-0.7232054691
3.750% 2031-01-31,2031-01-31,3.75,96.282,96.296,96.9296875,0.3974184783,97.32710598,4.528,4.527522299,3.980239841,4.4,9,True,96.94736809,0.01768058696,4.522958701,-0.456359788
4.000% 2031-01-31,2031-01-31,4,97.276,97.292,97.9140625,0.4239130435,98.33797554,4.528,4.527901483,3.962603988,4.4,9,True,97.93516559,0.02110308723,4.522486598,-0.5414885242
1.125% 2031-02-15,2031-02-15,1.125,86.164,86.18,86.5625,0.07336956522,86.63586957,4.501,4.501183649,4.230636774,4.44109589,9,True,86.4572638,-0.1052362046,4.529915285,2.873163617
5.375% 2031-02-15,2031-02-15,5.375,103.124,103.14,103.4375,0.3505434783,103.7880435,4.51,4.510244415,3.912178291,4.44109589,9,True,103.3911533,-0.04634665367,4.521661834,1.141741943
3.500% 2031-02-28,2031-02-28,3.5,95.27,95.284,95.890625,0.0773480663,95.96797307,4.524,4.523889208,4.080357499,4.476712329,9,True,95.91117447,0.02054946753,4.518642077,-0.5247130624
4.250% 2031-02-28,2031-02-28,4.25,98.264,98.28,98.875,0.09392265193,98.96892265,4.53,4.530152231,4.027295796,4.476712329,9,True,98.92642089,0.05142088594,4.517255054,-1.289717754
3.875% 2031-03-31,2031-03-31,3.875,97.092,97.106,97.3359375,1.704576503,99.040514,4.528,4.52759396,4.054286495,4.561643836,10,True,97.35312495,0.01718744739,4.523314004,-0.4279955854
4.125% 2031-03-31,2031-03-31,4.125,98.09,98.104,98.328125,1.81454918,100.1426742,4.534,4.534364961,4.032813245,4.561643836,10,True,98.37466383,0.04653883037,4.522844553,-1.15204076
3.875% 2031-04-30,2031-04-30,3.875,97.076,97.092,97.2890625,1.379415761,98.66847826,4.528,4.527754068,4.136336372,4.643835616,10,True,97.30348008,0.01441758328,4.524221743,-0.3532324965
4.625% 2031-04-30,2031-04-30,4.625,100.102,100.116,100.3671875,1.646399457,102.013587,4.535,4.535140614,4.073719719,4.643835616,10,True,100.418429,0.05124150374,4.522814042,-1.232657239
1.625% 2031-05-15,2031-05-15,1.625,87.25,87.264,87.828125,0.5122282609,88.34035326,4.538,4.537869943,4.391590894,4.684931507,10,True,87.85683425,0.02870924909,4.530471159,-0.7398784218
4.125% 2031-05-31,2031-05-31,4.125,98.066,98.082,98.2578125,1.12704918,99.38486168,4.537,4.537301902,4.19569071,4.728767123,10,True,98.29445325,0.03664075424,4.528516815,-0.8785086721
4.625% 2031-05-31,2031-05-31,4.625,100.092,100.106,100.3359375,1.263661202,101.5995987,4.544,4.543693345,4.154358111,4.728767123,10,True,100.4040523,0.0681147665,4.527561943,-1.613140202
4.125% 2031-06-30,2031-06-30,4.125,98.06,98.074,98.234375,0.7846467391,99.01902174,4.536,4.536452181,4.276883635,4.810958904,10,True,98.2590704,0.02469540494,4.530621674,-0.5830506845
4.250% 2031-06-30,2031-06-30,4.25,98.216,98.232,98.7265625,0.808423913,99.53498641,4.546,4.546433294,4.266103764,4.810958904,10,True,98.79474235,0.0681798549,4.530383351,-1.604994247
4.125% 2031-07-31,2031-07-31,4.125,98.032,98.046,98.1484375,0.4371603261,98.58559783,4.55,4.550400568,4.358795248,4.895890411,10,True,98.21799564,0.06955814216,4.534220203,-1.618036563
4.375% 2031-07-31,2031-07-31,4.375,99.071,99.085,99.26953125,0.4636548913,99.73318614,4.542,4.542200528,4.338272724,4.895890411,10,True,99.30612301,0.03659176003,4.533745151,-0.8455377615
1.250% 2031-08-15,2031-08-15,1.25,85.154,85.17,85.53125,0.08152173913,85.61277174,4.557,4.556963263,4.676367276,4.936986301,10,True,85.59149272,0.06024271672,4.541921957,-1.504130594
3.750% 2031-08-31,2031-08-31,3.75,96.126,96.142,96.4453125,0.08287292818,96.52818543,4.556,4.555994667,4.472713122,4.980821918,10,True,96.5217454,0.07643290211,4.53829948,-1.769518727
4.375% 2031-08-31,2031-08-31,4.375,99.07,99.084,99.265625,0.09668508287,99.36231008,4.541,4.541256925,4.420320659,4.980821918,10,True,99.28428361,0.0186586137,4.537009203,-0.4247722282
3.625% 2031-09-30,2031-09-30,3.625,95.254,95.27,95.84375,1.594603825,97.43835383,4.553,4.553422733,4.480539831,5.063013699,11,True,95.89573211,0.05198210945,4.541519716,-1.190301631
4.125% 2031-10-31,2031-10-31,4.125,97.312,98.006,98.0234375,1.468410326,99.49184783,4.559,4.559355381,4.511025746,5.147945205,11,True,98.09198561,0.06854810996,4.544088314,-1.526706659
1.375% 2031-11-15,2031-11-15,1.375,85.104,85.12,85.375,0.433423913,85.80842391,4.575,4.575120923,4.868929782,5.189041096,11,True,85.47061122,0.09561122487,4.552250583,-2.287034025
4.125% 2031-11-30,2031-11-30,4.125,97.294,97.31,97.96875,1.12704918,99.09579918,4.565,4.564973272,4.591722924,5.230136986,11,True,98.05214904,0.08339903534,4.546653729,-1.831954336
4.500% 2031-12-31,2031-12-31,4.5,99.202,99.216,99.6796875,0.8559782609,100.5356658,4.567,4.567336651,4.635901742,5.315068493,11,True,99.75803782,0.07835031812,4.550533661,-1.680298967
4.375% 2032-01-31,2032-01-31,4.375,99,99.014,99.046875,0.4636548913,99.51052989,4.576,4.57553379,4.730085104,5.4,11,True,99.14532764,0.09845263518,4.554629421,-2.090436914
1.875% 2032-02-15,2032-02-15,1.875,87.006,87.022,87.0703125,0.1222826087,87.19259511,4.59,4.589922155,5.047698287,5.44109589,11,True,87.1915968,0.1212843023,4.562386819,-2.753533617
4.125% 2032-02-29,2032-02-29,4.125,97.252,97.266,97.8359375,0.09116022099,97.92709772,4.576,4.575906659,4.836816747,5.479452055,11,True,97.93786405,0.1019265511,4.554400582,-2.150607749
4.125% 2032-03-31,2032-03-31,4.125,97.234,97.25,97.78125,1.81454918,99.59579918,4.581,4.581042867,4.81665022,5.564383562,12,True,97.88284246,0.1015924583,4.559878147,-2.116472014
4.000% 2032-04-30,2032-04-30,4,97.022,97.036,97.1171875,1.423913043,98.54110054,4.585,4.584555987,4.913268644,5.646575342,12,True,97.22651625,0.1093287498,4.561989587,-2.256640038
2.875% 2032-05-15,2032-05-15,2.875,91.134,91.15,91.46875,0.90625,92.375,4.597,4.596636973,5.094728325,5.687671233,12,True,91.6096624,0.1409124014,4.566721827,-2.991514587
4.125% 2032-05-31,2032-05-31,4.125,97.2,97.214,97.671875,1.12704918,98.79892418,4.591,4.590769565,4.979155,5.731506849,12,True,97.78998838,0.1181133771,4.566776512,-2.399305333
4.000% 2032-06-30,2032-06-30,4,96.306,97.002,97.0078125,0.7608695652,97.76868207,4.592,4.591566906,5.075004543,5.81369863,12,True,97.11491515,0.1071026463,4.569995156,-2.15717496
4.000% 2032-07-31,2032-07-31,4,96.282,96.296,96.9296875,0.4239130435,97.35360054,4.6,4.599912961,5.156980231,5.898630137,12,True,97.05880963,0.1291221252,4.574213915,-2.569904514
2.750% 2032-08-15,2032-08-15,2.75,90.134,90.15,90.46875,0.1793478261,90.64809783,4.603,4.603306098,5.355763635,5.939726027,12,True,90.5841006,0.1153506011,4.579563738,-2.374236057
3.875% 2032-08-31,2032-08-31,3.875,96.062,96.076,96.2421875,0.08563535912,96.32782286,4.601,4.601003115,5.253866896,5.983561644,12,True,96.35621894,0.1140314419,4.578486908,-2.251620654
3.875% 2032-09-30,2032-09-30,3.875,96.032,96.046,96.1484375,1.704576503,97.853014,4.61,4.610275923,5.229647402,6.065753425,13,True,96.29213597,0.1436984674,4.582219714,-2.805620933
3.750% 2032-10-31,2032-10-31,3.75,95.116,95.132,95.4140625,1.334918478,96.74898098,4.615,4.614911772,5.328920149,6.150684932,13,True,95.55874393,0.1446814344,4.586873843,-2.803792982
4.125% 2032-11-15,2032-11-15,4.125,97.11,97.124,97.390625,1.300271739,98.69089674,4.614,4.613742223,5.317121763,6.191780822,13,True,97.52631234,0.1356873446,4.587905738,-2.583648529
3.750% 2032-11-30,2032-11-30,3.75,95.092,95.106,95.3359375,1.024590164,96.36052766,4.619,4.619487013,5.409578935,6.232876712,13,True,95.48814177,0.1522042654,4.59031524,-2.917177307
3.875% 2032-12-31,2032-12-31,3.875,95.29,95.304,95.953125,0.7370923913,96.69021739,4.621,4.62076839,5.473161567,6.317808219,13,True,96.08839859,0.1352735946,4.595227438,-2.554095208
4.000% 2033-01-31,2033-01-31,4,96.164,96.18,96.5625,0.4239130435,96.98641304,4.626,4.626498859,5.537968765,6.402739726,13,True,96.70803051,0.1455305084,4.599427366,-2.707149261
3.500% 2033-02-15,2033-02-15,3.5,93.224,93.24,93.75,0.2282608696,93.97826087,4.634,4.633998654,5.647908484,6.443835616,13,True,93.91358863,0.1635886301,4.603209276,-3.078937864
3.750% 2033-02-28,2033-02-28,3.75,95.032,95.046,95.1484375,0.08287292818,95.23131043,4.625,4.625130833,5.654744907,6.479452055,13,True,95.28989925,0.1414617495,4.598884283,-2.624655055
4.250% 2033-03-31,2033-03-31,4.25,97.262,97.276,97.8671875,1.869535519,99.73672302,4.63,4.630251914,5.547215536,6.564383562,14,True,98.0161155,0.148927999,4.603357599,-2.689431489
4.125% 2033-04-30,2033-04-30,4.125,97.012,97.026,97.0859375,1.468410326,98.55434783,4.639,4.638824419,5.647750983,6.646575342,14,True,97.26561965,0.1796821529,4.606577709,-3.224671015
3.375% 2033-05-15,2033-05-15,3.375,92.232,92.246,92.7734375,1.063858696,93.8372962,4.644,4.644131617,5.807848003,6.687671233,14,True,92.95231701,0.1788795103,4.611345661,-3.278595592
4.250% 2033-05-31,2033-05-31,4.25,97.225,97.241,97.75390625,1.161202186,98.91510844,4.642,4.641510516,5.709442203,6.731506849,14,True,97.92163492,0.1677286719,4.61184062,-2.966989573
4.250% 2033-06-30,2033-06-30,4.25,97.213,97.227,97.71484375,0.808423913,98.52326766,4.644,4.644282577,5.7904004,6.81369863,14,True,97.87842634,0.163582594,4.615636499,-2.864607766
4.375% 2033-07-31,2033-07-31,4.375,98.11,98.124,98.390625,0.4636548913,98.85427989,4.65,4.649820422,5.853648202,6.898630137,14,True,98.56241664,0.171791645,4.620162811,-2.965761051
3.875% 2033-08-15,2033-08-15,3.875,95.114,95.13,95.40625,0.2527173913,95.65896739,4.657,4.657330745,5.969768013,6.939726027,14,True,95.59509271,0.1888427108,4.624300041,-3.303070432
4.500% 2033-08-31,2033-08-31,4.5,99.016,99.032,99.1015625,0.09944751381,99.20101001,4.652,4.652075625,5.917016256,6.983561644,14,True,99.26500342,0.1634409235,4.624257893,-2.78177316
4.500% 2033-11-15,2033-11-15,4.5,98.294,98.314,98.984375,1.418478261,100.4028533,4.667,4.667006098,5.986330806,7.191780822,15,True,99.17053499,0.186159989,4.636067534,-3.093856392
4.000% 2034-02-15,2034-02-15,4,95.22,95.24,95.75,0.2608695652,96.01086957,4.683,4.683096042,6.314419294,7.443835616,15,True,95.9299714,0.1799714023,4.653442695,-2.965334674
4.375% 2034-05-15,2034-05-15,4.375,97.302,98.002,98.0078125,1.379076087,99.38688859,4.686,4.685776591,6.356534524,7.687671233,16,True,98.15872801,0.1509155126,4.661909935,-2.386665587
3.875% 2034-08-15,2034-08-15,3.875,94.16,94.18,94.5625,0.2527173913,94.81521739,4.704,4.703637564,6.695509687,7.939726027,16,True,94.70967137,0.1471713706,4.680476025,-2.316153827
4.250% 2034-11-15,2034-11-15,4.25,96.256,96.276,96.8671875,1.339673913,98.20686141,4.715,4.714935115,6.72275074,8.191780822,17,True,97.00427326,0.1370857604,4.694188743,-2.074637209
4.625% 2035-02-15,2035-02-15,4.625,99.08,99.1,99.3125,0.3016304348,99.61413043,4.724,4.724326759,6.890054298,8.443835616,17,True,99.41886564,0.1063656383,4.708839236,-1.548752303
4.250% 2035-05-15,2035-05-15,4.25,96.164,96.184,96.578125,1.339673913,97.91779891,4.734,4.734303464,7.058271133,8.687671233,18,True,96.65910377,0.08097876851,4.7225924,-1.171106358
4.250% 2035-08-15,2035-08-15,4.25,96.11,96.13,96.40625,0.277173913,96.68342391,4.748,4.747841521,7.301146227,8.939726027,18,True,96.46339813,0.05714813401,4.739748573,-0.8092948401
4.000% 2035-11-15,2035-11-15,4,94.116,94.136,94.4296875,1.260869565,95.69055707,4.755,4.754836059,7.449026636,9.191780822,19,True,94.40876956,-0.02091794119,4.757771052,0.2934992866
4.125% 2036-02-15,2036-02-15,4.125,95.042,95.062,95.1953125,0.2690217391,95.46433424,4.763,4.762787443,7.660375119,9.443835616,19,True,95.11161056,-0.08370193698,4.774239158,1.145171549
4.500% 2036-02-15,2036-02-15,4.5,98.22,98.24,98.75,0.2934782609,99.04347826,4.665,4.664902856,7.579155511,9.443835616,19,True,97.95381681,-0.796183193,4.771479288,10.65764314
4.375% 2036-05-15,2036-05-15,4.375,96.281,96.301,96.94140625,1.379076087,98.32048234,4.772,4.77230397,7.672435403,9.690410959,20,True,96.83739106,-0.104015193,4.786101377,1.379740657
4.625% 2036-08-15,2036-08-15,4.625,98.237,98.257,98.80859375,0.3016304348,99.11022418,4.777,4.776625808,7.85161159,9.942465753,20,True,98.61630686,-0.1922868938,4.8013647,2.47388916
4.750% 2037-02-15,2037-02-15,4.75,100.016,100.036,100.1171875,0.3097826087,100.4269701,4.735,4.735252445,8.131195123,10.44657534,21,True,99.32003149,-0.7971560089,4.833344852,9.809240716
5.000% 2037-05-15,2037-05-15,5,102.05,102.07,102.21875,1.576086957,103.794837,4.732,4.732224909,8.116713322,10.69041096,22,True,101.2873492,-0.9314008306,4.843397439,11.11725301
4.375% 2038-02-15,2038-02-15,4.375,96.18,96.2,96.625,0.285326087,96.91032609,4.761,4.760826606,8.833669966,11.44657534,23,True,95.45464379,-1.170356209,4.898550235,13.77236294
4.500% 2038-05-15,2038-05-15,4.5,97.092,97.112,97.3515625,1.418478261,98.77004076,4.798,4.798036851,8.831937384,11.69041096,24,True,96.38743541,-0.9641270856,4.909230865,11.11940141
3.500% 2039-02-15,2039-02-15,3.5,87.12,87.14,87.4375,0.2282608696,87.66576087,4.858,4.857516618,9.735814598,12.44657534,25,True,86.48695402,-0.9505459827,4.969618448,11.21018297
4.250% 2039-05-15,2039-05-15,4.25,93.264,93.284,93.890625,1.339673913,95.23029891,4.902,4.901838274,9.461471014,12.69041096,26,True,93.27517983,-0.6154451657,4.970418907,6.85806322
4.500% 2039-08-15,2039-08-15,4.5,95.264,95.284,95.890625,0.2934782609,96.18410326,4.933,4.933216227,9.603473731,12.94246575,26,True,95.44149031,-0.449134691,4.981980529,4.876430202
4.375% 2039-11-15,2039-11-15,4.375,94.11,94.13,94.40625,1.379076087,95.78532609,4.957,4.95731042,9.669472183,13.19452055,27,True,94.03561506,-0.3706349373,4.997424583,4.011416325
4.625% 2040-02-15,2040-02-15,4.625,96.202,96.222,96.6953125,0.3016304348,96.99694293,4.965,4.964667477,9.81421239,13.44657534,27,True,96.28311857,-0.4121939342,5.008082618,4.341514099
1.125% 2040-05-15,2040-05-15,1.125,61.156,61.176,61.5546875,0.3546195652,61.90930707,5.05,5.049762356,11.99376285,13.69315068,28,True,61.27106094,-0.2836265627,5.088057934,3.829557832
4.375% 2040-05-15,2040-05-15,4.375,93.306,94.006,94.0234375,1.379076087,95.40251359,4.982,4.9819691,9.924968413,13.69315068,28,True,93.63492012,-0.3885173824,5.023106417,4.113731694
1.125% 2040-08-15,2040-08-15,1.125,60.274,60.294,60.921875,0.07336956522,60.99524457,5.069,5.069433568,12.23428092,13.94520548,28,True,60.66607809,-0.2557969133,5.103792235,3.435866683
3.875% 2040-08-15,2040-08-15,3.875,88.222,88.242,88.7578125,0.2527173913,89.01052989,5.005,5.004930618,10.38428211,13.94520548,28,True,88.38631383,-0.3714986698,5.045226267,4.029564897
1.375% 2040-11-15,2040-11-15,1.375,62.242,62.262,62.8203125,0.433423913,63.25373641,5.086,5.085852705,12.10895554,14.19726027,29,True,62.61980818,-0.200504323,5.112077572,2.622486705
4.250% 2040-11-15,2040-11-15,4.25,92.062,92.082,92.2578125,1.339673913,93.59748641,5.019,5.018887565,10.22526145,14.19726027,29,True,91.94790499,-0.3099075096,5.051336583,3.244901866
1.875% 2041-02-15,2041-02-15,1.875,67.11,67.13,67.40625,0.1222826087,67.52853261,5.091,5.090543036,11.9022921,14.44931507,29,True,67.21926975,-0.1869802454,5.113844051,2.330101526
4.750% 2041-02-15,2041-02-15,4.75,97.004,97.024,97.078125,0.3097826087,97.38790761,5.037,5.036947648,10.25115718,14.44931507,29,True,96.88765213,-0.1904728683,5.056050262,1.910261342
2.250% 2041-05-15,2041-05-15,2.25,70.22,70.24,70.75,0.7092391304,71.45923913,5.105,5.104677799,11.66575825,14.69315068,30,True,70.66336602,-0.08663398075,5.115077715,1.039991601
4.375% 2041-05-15,2041-05-15,4.375,92.3,93,93,1.379076087,94.37907609,5.055,5.055433509,10.40711501,14.69315068,30,True,92.84194423,-0.1580557726,5.071542461,1.610895231
1.750% 2041-08-15,2041-08-15,1.75,64.304,65.004,65.015625,0.1141304348,65.12975543,5.132,5.132183558,12.32805555,14.94520548,30,True,64.94207645,-0.0735485457,5.141349638,0.9166080136
3.750% 2041-08-15,2041-08-15,3.75,86.036,86.056,86.1796875,0.2445652174,86.42425272,5.081,5.081413836,10.94963148,14.94520548,30,True,86.04571508,-0.133972422,5.095584771,1.41709351
3.125% 2041-11-15,2041-11-15,3.125,79.044,79.064,79.203125,0.9850543478,80.18817935,5.11,5.110150294,11.32245701,15.19726027,31,True,79.11339545,-0.08972955151,5.120040026,0.9889731279
2.000% 2041-11-30,2041-11-30,2,67.016,67.036,67.1171875,0.5464480874,67.66363559,5.147,5.139663024,12.21212316,15.23835616,31,True,67.03931641,-0.07787109103,5.149093304,0.9430279639
2.375% 2042-02-15,2042-02-15,2.375,70.192,70.212,70.6640625,0.1548913043,70.8189538,5.154,5.153764876,12.09294628,15.44931507,31,True,70.69461227,0.03054976978,5.150198603,-0.356627293
3.125% 2042-02-15,2042-02-15,3.125,78.226,78.246,78.7734375,0.2038043478,78.97724185,5.133,5.13264899,11.5594477,15.44931507,31,True,78.77759612,0.004158616489,5.132193482,-0.04555077922
3.000% 2042-05-15,2042-05-15,3,76.312,77.012,77.0390625,0.9456521739,77.98471467,5.151,5.151483332,11.65681962,15.69315068,32,True,77.11063994,0.07157744017,5.143613953,-0.7869378696
3.250% 2042-05-15,2042-05-15,3.25,79.21,79.23,79.71875,1.024456522,80.74320652,5.15,5.150131391,11.48832725,15.69315068,32,True,79.83267039,0.1139203883,5.137861038,-1.227035379
2.750% 2042-08-15,2042-08-15,2.75,73.272,73.292,73.9140625,0.1793478261,74.09341033,5.173,5.173210699,12.07495108,15.94520548,32,True,74.02147956,0.1074170628,5.161214998,-1.199570101
3.375% 2042-08-15,2042-08-15,3.375,80.224,80.244,80.765625,0.2201086957,80.9857337,5.16,5.160013288,11.64857926,15.94520548,32,True,80.89411778,0.1284927832,5.146406061,-1.360722706
2.750% 2042-11-15,2042-11-15,2.75,73.144,73.164,73.515625,0.8668478261,74.38247283,5.188,5.18797821,12.09178111,16.19726027,33,True,73.66278109,0.1471560874,5.171636817,-1.634139271
4.000% 2042-11-15,2042-11-15,4,87.072,87.092,87.2890625,1.260869565,88.54993207,5.168,5.168077653,11.27165271,16.19726027,33,True,87.54247985,0.2534173519,5.142734259,-2.534339421
3.125% 2043-02-15,2043-02-15,3.125,77.076,77.096,77.3046875,0.2038043478,77.50849185,5.195,5.194935303,12.05397684,16.44931507,33,True,77.50997782,0.2052903155,5.172998313,-2.193699008
3.875% 2043-02-15,2043-02-15,3.875,85.194,85.214,85.671875,0.2527173913,85.92459239,5.18,5.180313286,11.5817081,16.44931507,33,True,85.91645489,0.2445798924,5.155780414,-2.453287177
2.875% 2043-05-15,2043-05-15,2.875,74.042,74.062,74.1953125,0.90625,75.1015625,5.208,5.208152217,12.24264059,16.69315068,34,True,74.39420524,0.1988927378,5.186555851,-2.159636557
3.875% 2043-05-15,2043-05-15,3.875,85.116,85.136,85.4296875,1.221467391,86.65115489,5.19,5.190393659,11.56391696,16.69315068,34,True,85.7073094,0.2776219032,5.162744513,-2.764914669
3.625% 2043-08-15,2043-08-15,3.625,82.074,82.094,82.296875,0.2364130435,82.53328804,5.211,5.211101239,11.95357634,16.94520548,34,True,82.62301041,0.3261354105,5.178126078,-3.297516033
4.375% 2043-08-15,2043-08-15,4.375,90.25,90.27,90.84375,0.285326087,91.12907609,5.194,5.194171747,11.52689569,16.94520548,34,True,91.18415307,0.3404030658,5.161843738,-3.232800868
3.750% 2043-11-15,2043-11-15,3.75,83.144,83.164,83.515625,1.182065217,84.69769022,5.213,5.213421273,11.85632451,17.19726027,35,True,83.81512482,0.2994998197,5.183664369,-2.975690385
4.750% 2043-11-15,2043-11-15,4.75,94.296,94.316,94.9921875,1.497282609,96.48947011,5.193,5.193439716,11.30498838,17.19726027,35,True,95.33137492,0.3391874198,5.162416797,-3.10229183
3.625% 2044-02-15,2044-02-15,3.625,81.242,81.262,81.8203125,0.2364130435,82.05672554,5.226,5.226410426,12.17560271,17.44931507,35,True,82.12838185,0.3080693534,5.195648889,-3.076153738
4.500% 2044-02-15,2044-02-15,4.5,91.274,91.294,91.921875,0.2934782609,92.21535326,5.211,5.210556563,11.66848491,17.44931507,35,True,92.29148701,0.3696120076,5.17629578,-3.426078303
3.375% 2044-05-15,2044-05-15,3.375,78.2,78.22,78.6875,1.063858696,79.7513587,5.237,5.237393628,12.32537237,17.69589041,36,True,78.97457133,0.2870713275,5.208256089,-2.913753929
4.625% 2044-05-15,2044-05-15,4.625,93.06,93.08,93.25,1.457880435,94.70788043,5.213,5.213309762,11.56442454,17.69589041,36,True,93.61639426,0.3663942614,5.179941989,-3.336777205
3.125% 2044-08-15,2044-08-15,3.125,75.13,75.15,75.46875,0.2038043478,75.67255435,5.253,5.253305688,12.75197085,17.94794521,36,True,75.75985524,0.2911052397,5.223211417,-3.009427108
4.125% 2044-08-15,2044-08-15,4.125,87.05,87.07,87.21875,0.2690217391,87.48777174,5.232,5.23191754,12.07779685,17.94794521,36,True,87.5691122,0.3503621951,5.198845891,-3.307164939
3.000% 2044-11-15,2044-11-15,3,73.212,73.232,73.7265625,0.9456521739,74.67221467,5.262,5.261785024,12.835536,18.2,37,True,73.99448348,0.2679209818,5.23389521,-2.788981365
4.625% 2044-11-15,2044-11-15,4.625,92.29,92.31,92.96875,1.457880435,94.42663043,5.228,5.228232809,11.75737316,18.2,37,True,93.33987756,0.371127563,5.194891477,-3.3341332
2.500% 2045-02-15,2045-02-15,2.5,67.134,67.154,67.484375,0.1630434783,67.64741848,5.281,5.280813672,13.53151365,18.45205479,37,True,67.70808943,0.2237144252,5.256423793,-2.438987955
4.750% 2045-02-15,2045-02-15,4.75,94.086,94.106,94.3359375,0.3097826087,94.64572011,5.232,5.232302937,11.93338416,18.45205479,37,True,94.70319476,0.3672572641,5.199869564,-3.243337272
3.000% 2045-05-15,2045-05-15,3,73.04,73.06,73.1875,0.9456521739,74.13315217,5.273,5.273197469,13.05432659,18.69589041,38,True,73.44690815,0.2594081513,5.24645216,-2.674530839
5.000% 2045-05-15,2045-05-15,5,97.056,97.076,97.2421875,1.576086957,98.81827446,5.232,5.232462697,11.75393619,18.69589041,38,True,97.62837108,0.3861835811,5.199301636,-3.316106106
2.875% 2045-08-15,2045-08-15,2.875,71.104,71.124,71.390625,0.1875,71.578125,5.284,5.28390825,13.40459668,18.94794521,38,True,71.64732393,0.2566989298,5.257214563,-2.669368667
4.875% 2045-08-15,2045-08-15,4.875,95.182,95.202,95.6328125,0.3179347826,95.95074728,5.241,5.241193606,12.05648341,18.94794521,38,True,96.00924376,0.3764312617,5.208738619,-3.24549865
3.000% 2045-11-15,2045-11-15,3,72.2,72.22,72.6875,0.9456521739,73.63315217,5.282,5.281509134,13.26803007,19.2,39,True,72.90233771,0.2148377088,5.259559973,-2.194916043
4.625% 2045-11-15,2045-11-15,4.625,92.144,92.164,92.515625,1.457880435,93.97350543,5.248,5.248032945,12.13065697,19.2,39,True,92.84299793,0.3273729298,5.219382263,-2.865068223
2.500% 2046-02-15,2046-02-15,2.5,66.074,66.094,66.296875,0.1630434783,66.45991848,5.298,5.29845812,13.9959231,19.45205479,39,True,66.45676225,0.1598872475,5.281294842,-1.716327808
4.625% 2046-02-15,2046-02-15,4.625,92.122,92.142,92.4453125,0.3016304348,92.74694293,5.25,5.249546179,12.37348752,19.45205479,39,True,92.71912563,0.2738131255,5.225733531,-2.381264833
2.500% 2046-05-15,2046-05-15,2.5,65.304,66.004,66.015625,0.7880434783,66.80366848,5.302,5.301777745,13.97732877,19.69589041,40,True,66.17308244,0.1574574379,5.284939688,-1.683805674
5.000% 2046-05-15,2046-05-15,5,96.293,96.313,96.98046875,1.576086957,98.55655571,5.247,5.247233392,12.11099646,19.69589041,40,True,97.28923289,0.3087641393,5.221420705,-2.581268694
2.250% 2046-08-15,2046-08-15,2.25,62.182,62.202,62.6328125,0.1467391304,62.77955163,5.311,5.311195212,14.50747453,19.94794521,40,True,62.74186399,0.1090514915,5.299234599,-1.196061302
5.125% 2046-08-15,2046-08-15,5.125,98.152,98.172,98.5390625,0.3342391304,98.87330163,5.244,5.243713998,12.29280962,19.94794521,40,True,98.76989573,0.2308332348,5.22475212,-1.896187829
2.875% 2046-11-15,2046-11-15,2.875,70.026,70.046,70.1484375,0.90625,71.0546875,5.301,5.301034624,13.79685919,20.2,41,True,70.31706472,0.1686272197,5.283859921,-1.717470338
3.000% 2047-02-15,2047-02-15,3,71.136,71.156,71.4921875,0.1956521739,71.68783967,5.301,5.301042676,13.91824826,20.45205479,41,True,71.64884495,0.1566574463,5.285363989,-1.567868727
3.000% 2047-05-15,2047-05-15,3,71.074,71.094,71.296875,0.9456521739,72.24252717,5.301,5.30097365,13.87431493,20.69589041,42,True,71.42884505,0.1319700453,5.287822822,-1.315082839
2.750% 2047-08-15,2047-08-15,2.75,67.254,67.274,67.859375,0.1793478261,68.03872283,5.312,5.312220727,14.36794048,20.94794521,42,True,67.97804119,0.1186661917,5.300095485,-1.212524142
2.750% 2047-11-15,2047-11-15,2.75,67.186,67.206,67.6484375,0.8668478261,68.51528533,5.312,5.312139216,14.32469303,21.2,43,True,67.73224118,0.08380367713,5.303607329,-0.8531886267
3.000% 2048-02-15,2048-02-15,3,70.172,70.192,70.6015625,0.1956521739,70.79721467,5.314,5.313964116,14.30370595,21.45205479,43,True,70.7428688,0.1413063022,5.300028308,-1.393580731
3.125% 2048-05-15,2048-05-15,3.125,71.312,72.012,72.0390625,0.9850543478,73.02411685,5.311,5.311401872,14.12397077,21.69863014,44,True,72.1744777,0.1354152005,5.298288628,-1.311324461
3.000% 2048-08-15,2048-08-15,3,70.046,70.066,70.2109375,0.1956521739,70.40658967,5.316,5.316357705,14.49011318,21.95068493,44,True,70.32180026,0.1108627633,5.305502137,-1.085556886
3.375% 2048-11-15,2048-11-15,3.375,74.292,74.312,74.9765625,1.063858696,76.0404212,5.307,5.307294844,14.06618879,22.20273973,45,True,75.08503984,0.1084773381,5.297162705,-1.013213852
3.000% 2049-02-15,2049-02-15,3,69.256,69.276,69.8671875,0.1956521739,70.06283967,5.315,5.315078026,14.67343044,22.45479452,45,True,69.91039832,0.04321082143,5.310876601,-0.4201424874
2.875% 2049-05-15,2049-05-15,2.875,67.294,67.314,67.984375,0.90625,68.890625,5.322,5.321908262,14.73982533,22.69863014,46,True,68.05309043,0.06871543269,5.315145658,-0.6762604127
2.250% 2049-08-15,2049-08-15,2.25,59.12,59.14,59.4375,0.1467391304,59.58423913,5.337,5.337249617,15.77533805,22.95068493,46,True,59.42904991,-0.008450088746,5.338148681,0.08990642064
2.375% 2049-11-15,2049-11-15,2.375,60.276,60.296,60.9296875,0.7486413043,61.6783288,5.33,5.330067315,15.54731819,23.20273973,47,True,60.88080572,-0.04888177654,5.335167476,0.5100160954
2.000% 2050-02-15,2050-02-15,2,55.194,55.214,55.671875,0.1304347826,55.80230978,5.337,5.336775429,16.36560002,23.45479452,47,True,55.54585497,-0.126020026,5.350594533,1.381910467
1.250% 2050-05-15,2050-05-15,1.25,45.106,45.126,45.3984375,0.3940217391,45.79245924,5.339,5.339002164,17.90456081,23.69863014,48,True,45.04917493,-0.3492625737,5.381799405,4.279724138
1.375% 2050-08-15,2050-08-15,1.375,46.214,46.234,46.734375,0.08967391304,46.82404891,5.346,5.345599398,17.83123019,23.95068493,48,True,46.47108267,-0.2632923317,5.377243036,3.164363788
1.625% 2050-11-15,2050-11-15,1.625,49.244,49.264,49.828125,0.5122282609,50.34035326,5.346,5.345655046,17.23601985,24.20273973,49,True,49.64537454,-0.1827504629,5.366765677,2.111063113
1.875% 2051-02-15,2051-02-15,1.875,52.294,52.314,52.984375,0.1222826087,53.10665761,5.343,5.343254459,16.97681965,24.45479452,49,True,52.85604686,-0.1283281382,5.357510105,1.425564642
2.375% 2051-05-15,2051-05-15,2.375,59.194,59.214,59.671875,0.7486413043,60.4205163,5.332,5.331655644,16.07714147,24.69863014,50,True,59.60745771,-0.06441728874,5.338291806,0.6636161932
2.000% 2051-08-15,2051-08-15,2,54.064,54.084,54.265625,0.1304347826,54.39605978,5.339,5.339371744,16.93604808,24.95068493,50,True,54.15056293,-0.1150620676,5.351878569,1.250682525
1.875% 2051-11-15,2051-11-15,1.875,52.09,52.11,52.34375,0.5910326087,52.93478261,5.337,5.337205555,17.11345718,25.20273973,51,True,52.17350159,-0.1702484065,5.356038218,1.88326637
2.250% 2052-02-15,2052-02-15,2.25,57.104,57.124,57.390625,0.1467391304,57.53736413,5.328,5.328340875,16.6885658,25.45479452,51,True,57.25295003,-0.1376749701,5.342701446,1.436057082
2.875% 2052-05-15,2052-05-15,2.875,65.316,66.016,66.0546875,0.90625,66.9609375,5.312,5.311785244,15.71901525,25.70136986,52,True,65.94635045,-0.1083370494,5.322089422,1.030417813
3.000% 2052-08-15,2052-08-15,3,67.19,67.21,67.65625,0.1956521739,67.85190217,5.311,5.311250158,15.8099998,25.95342466,52,True,67.57618696,-0.08006303605,5.318719621,0.7469463125
4.000% 2052-11-15,2052-11-15,4,81.226,81.246,81.7734375,1.260869565,83.03430707,5.294,5.294001017,14.72574808,26.20547945,53,True,81.76641242,-0.007025083874,5.294575587,0.05745699243
3.625% 2053-02-15,2053-02-15,3.625,76.096,76.116,76.3671875,0.2364130435,76.60360054,5.296,5.296154345,15.29875736,26.45753425,53,True,76.29262931,-0.07455818628,5.302520645,0.6366299287
3.625% 2053-05-15,2053-05-15,3.625,76.07,76.09,76.28125,1.142663043,77.42391304,5.294,5.294471305,15.18769098,26.70136986,54,True,76.2111867,-0.070063301,5.300433468,0.596216322
4.125% 2053-08-15,2053-08-15,4.125,83.12,83.14,83.4375,0.2690217391,83.70652174,5.285,5.284679803,15.00414309,26.95342466,54,True,83.36796624,-0.06953376112,5.290219464,0.553966097
4.750% 2053-11-15,2053-11-15,4.75,92.126,92.146,92.4609375,1.497282609,93.95822011,5.275,5.274704516,14.44016998,27.20547945,55,True,92.41333688,-0.04760062371,5.278214193,0.3509677289
4.250% 2054-02-15,2054-02-15,4.25,85.034,85.054,85.171875,0.277173913,85.44904891,5.279,5.278976364,15.03497129,27.45753425,55,True,85.07836283,-0.09351216998,5.286260881,0.7284516965
4.625% 2054-05-15,2054-05-15,4.625,90.194,90.214,90.671875,1.457880435,92.12975543,5.269,5.268630429,14.64801291,27.70136986,56,True,90.54759391,-0.1242810908,5.27784888,0.9218451456
4.250% 2054-08-15,2054-08-15,4.25,85.026,85.046,85.1484375,0.277173913,85.42561141,5.272,5.271513813,15.1621966,27.95342466,56,True,84.99524608,-0.1531914167,5.283356444,1.184263167
4.500% 2054-11-15,2054-11-15,4.5,88.234,88.254,88.796875,1.418478261,90.21535326,5.267,5.266852895,14.85281891,28.20547945,57,True,88.65316146,-0.1437135415,5.277590792,1.073789717
4.625% 2055-02-15,2055-02-15,4.625,90.192,90.212,90.6640625,0.3016304348,90.96569293,5.261,5.261352533,15.01428217,28.45753425,57,True,90.47730738,-0.1867551207,5.275046954,1.369442069
4.750% 2055-05-15,2055-05-15,4.75,92.136,92.156,92.4921875,1.497282609,93.98947011,5.259,5.259386305,14.80021127,28.70136986,58,True,92.33442398,-0.1577635209,5.270741711,1.135540662
4.750% 2055-08-15,2055-08-15,4.75,92.134,92.154,92.484375,0.3097826087,92.79415761,5.258,5.258193299,15.04508477,28.95342466,58,True,92.32079746,-0.1635775443,5.269925327,1.173202767
4.625% 2055-11-15,2055-11-15,4.625,90.184,90.204,90.640625,1.457880435,92.09850543,5.255,5.255144616,14.99878304,29.20547945,59,True,90.44320473,-0.1974202736,5.269459198,1.431458153
4.750% 2056-02-15,2056-02-15,4.75,92.156,92.176,92.5546875,0.3097826087,92.86447011,5.249,5.249275165,15.16382819,29.45753425,59,True,92.30836356,-0.2463239446,5.266801936,1.75267707
5.000% 2056-05-15,2056-05-15,5,96.09,96.11,96.34375,1.576086957,97.91983696,5.244,5.243770244,14.87204726,29.70410959,60,True,96.09050755,-0.2532424524,5.26119405,1.742380576
5.125% 2056-08-15,2056-08-15,5.125,98.06,98.08,98.25,0.3342391304,98.58423913,5.241,5.241224448,15.04279456,29.95616438,60,True,97.99070717,-0.2592928251,5.258743445,1.75189975
