payment_date,days,t_years,zero_rate_cc_pct,discount_factor,inst_forward_cc_pct
2026-09-15,7,0.01917808219,3.641879788,0.9993018012,3.655989602
2026-09-30,22,0.0602739726,3.67161009,0.9977894217,3.714481285
2026-10-15,37,0.101369863,3.700350516,0.9962559861,3.770047237
2026-10-31,53,0.1452054795,3.729949264,0.9945985499,3.82622442
2026-11-15,68,0.1863013699,3.756736911,0.9930255826,3.876109898
2026-11-30,83,0.2273972603,3.782623024,0.9914353066,3.923415868
2026-12-15,98,0.2684931507,3.807634851,0.9898288409,3.9682476
2026-12-31,114,0.3123287671,3.833380341,0.9880986386,4.013455483
2027-01-15,129,0.3534246575,3.856668538,0.9864620559,4.053492199
2027-01-31,145,0.397260274,3.880633384,0.9847020067,4.093804985
2027-02-15,160,0.4383561644,3.902305008,0.9830394823,4.12945123
2027-02-28,173,0.4739726027,3.920483183,0.9815895651,4.158733792
2027-03-15,188,0.5150684932,3.94078178,0.9799068868,4.190738737
2027-03-31,204,0.5589041096,3.961659239,0.9781014558,4.22286092
2027-04-15,219,0.6,3.980528969,0.9763997722,4.251169104
2027-04-30,234,0.6410958904,3.998740214,0.9746900469,4.277807642
2027-05-15,249,0.6821917808,4.016313637,0.9729729853,4.302850545
2027-05-31,265,0.7260273973,4.034378238,0.9711341232,4.327884641
2027-06-15,280,0.7671232877,4.05069657,0.9694039928,4.349853352
2027-06-30,295,0.8082191781,4.066436988,0.9676684859,4.370437525
2027-07-15,310,0.8493150685,4.081617944,0.9659281792,4.389701092
2027-07-31,326,0.8931506849,4.097214522,0.9640671785,4.40886271
2027-08-15,341,0.9342465753,4.111295563,0.9623186578,4.425589877
2027-08-31,357,0.9780821918,4.125758032,0.9604500478,4.442178671
2027-09-15,372,1.019178082,4.138811494,0.9586954167,4.456613597
2027-09-30,387,1.060273973,4.151392484,0.9569385181,4.470021634
2027-10-15,402,1.101369863,4.163516531,0.9551797691,4.48245378
2027-10-31,418,1.145205479,4.175962197,0.953302175,4.494694395
2027-11-15,433,1.18630137,4.187189256,0.9515408285,4.505263305
2027-11-30,448,1.22739726,4.198004337,0.9497787747,4.515001261
2027-12-15,463,1.268493151,4.208421274,0.9480163447,4.52395199
2027-12-31,479,1.312328767,4.219108968,0.9461363561,4.532679119
2028-01-15,494,1.353424658,4.228745244,0.9443741171,4.54013447
2028-01-31,510,1.397260274,4.238629522,0.9424949795,4.547356814
2028-02-15,525,1.438356164,4.247539256,0.9407341078,4.553482767
2028-02-29,539,1.476712329,4.255554279,0.9390915617,4.558669534
2028-03-15,554,1.517808219,4.263830561,0.9373329059,4.563690671
2028-03-31,570,1.561643836,4.272316134,0.9354586254,4.568471781
2028-04-15,585,1.602739726,4.279961867,0.9337032142,4.572448853
2028-04-30,600,1.643835616,4.287318957,0.9319496625,4.575968235
2028-05-15,615,1.684931507,4.29439772,0.9301981414,4.579059245
2028-05-31,631,1.728767123,4.301652905,0.9283322696,4.581915845
2028-06-15,646,1.769863014,4.308187881,0.9265854359,4.584209446
2028-06-30,661,1.810958904,4.31447434,0.9248410841,4.586157411
2028-07-15,676,1.852054795,4.320521434,0.9230993387,4.587784511
2028-07-31,692,1.895890411,4.326717836,0.9212444789,4.589193158
2028-08-15,707,1.936986301,4.332298095,0.9195084726,4.590231272
2028-08-31,723,1.980821918,4.338015858,0.9176599618,4.591062293
2028-09-15,738,2.021917808,4.343164957,0.9159301014,4.591604294
2028-09-30,753,2.063013699,4.348117595,0.9142033382,4.591937182
2028-10-15,768,2.104109589,4.352881385,0.9124797417,4.59207996
2028-10-31,784,2.147945205,4.357762928,0.9106447992,4.592043175
2028-11-15,799,2.189041096,4.362159591,0.9089279361,4.591849747
2028-11-30,814,2.230136986,4.366389365,0.9072144081,4.591519433
2028-12-15,829,2.271232877,4.370458976,0.9055042563,4.591068034
2028-12-31,845,2.315068493,4.374630704,0.9036838555,4.59047006
2029-01-15,860,2.356164384,4.378389757,0.9019807866,4.589815432
2029-01-31,876,2.4,4.382244385,0.9001680011,4.589032607
2029-02-15,891,2.44109589,4.385719019,0.8984721164,4.588233179
2029-02-28,904,2.476712329,4.388626041,0.8970051799,4.587498848
2029-03-15,919,2.517808219,4.391864888,0.8953158346,4.586614195
2029-03-31,935,2.561643836,4.395189187,0.8935177375,4.585638568
2029-04-15,950,2.602739726,4.398188931,0.8918356515,4.584705208
2029-04-30,965,2.643835616,4.401080837,0.8901570754,4.583764107
2029-05-15,980,2.684931507,4.403869813,0.8884820021,4.582824875
2029-05-31,996,2.728767123,4.406736621,0.8866991066,4.581835344
2029-06-15,1011,2.769863014,4.409327766,0.8850312366,4.580928302
2029-06-30,1026,2.810958904,4.411830083,0.8833668283,4.580049561
2029-07-15,1041,2.852054795,4.414247876,0.8817058622,4.57920681
2029-07-31,1057,2.895890411,4.41673838,0.8799379343,4.578355713
2029-08-15,1072,2.936986301,4.418994535,0.8782840097,4.577609875
2029-08-31,1088,2.980821918,4.421321643,0.8765235344,4.576877241
2029-09-30,1118,3.063013699,4.425479397,0.8732328453,4.575703301
2029-10-31,1149,3.147945205,4.429519523,0.8698462149,4.57480266
2029-11-15,1164,3.189041096,4.431389643,0.8682124495,4.574493464
2029-11-30,1179,3.230136986,4.433208802,0.8665818471,4.574272767
2029-12-31,1210,3.315068493,4.436819925,0.8632217923,4.574113927
2030-01-31,1241,3.4,4.440251931,0.8598747278,4.574381227
2030-02-15,1256,3.44109589,4.441855421,0.8582597346,4.574671626
2030-02-28,1269,3.476712329,4.443217697,0.8568624308,4.575011137
2030-03-31,1300,3.561643836,4.446373193,0.8535390571,4.576159207
2030-04-30,1330,3.643835616,4.449317623,0.8503342086,4.577737891
2030-05-15,1345,3.684931507,4.450755096,0.8487358458,4.57870408
2030-05-31,1361,3.728767123,4.452265972,0.8470338422,4.579866757
2030-06-30,1391,3.810958904,4.455044611,0.8438505114,4.582419002
2030-07-31,1422,3.895890411,4.457854826,0.8405716031,4.585572768
2030-08-15,1437,3.936986301,4.459196847,0.8389887604,4.587288899
2030-08-31,1453,3.980821918,4.460618063,0.8373030045,4.589256739
2030-09-30,1483,4.063013699,4.463260679,0.8341492859,4.593329312
2030-10-31,1514,4.147945205,4.465971454,0.8308998168,4.598062388
2030-11-15,1529,4.189041096,4.467279379,0.8293307995,4.600543628
2030-11-30,1544,4.230136986,4.4685866,0.8277638798,4.60314901
2030-12-31,1575,4.315068493,4.471291109,0.8245320433,4.608924752
2031-01-31,1606,4.4,4.474007751,0.8213086132,4.615223257
2031-02-15,1621,4.44109589,4.475329362,0.8197517992,4.618456586
2031-02-28,1634,4.476712329,4.476479547,0.8184040532,4.621355811
2031-03-31,1665,4.561643836,4.479243869,0.8151956348,4.628628903
2031-04-30,1695,4.643835616,4.481953661,0.8120977531,4.636142457
2031-05-15,1710,4.684931507,4.483323343,0.8105513143,4.640071465
2031-05-31,1726,4.728767123,4.484796301,0.808903564,4.644387065
2031-06-30,1756,4.810958904,4.487594202,0.8058188506,4.652820038
2031-07-31,1787,4.895890411,4.490539347,0.8026376716,4.661991485
2031-08-15,1802,4.936986301,4.491985605,0.8011006263,4.666592332
2031-08-31,1818,4.980821918,4.493544312,0.7994626696,4.671614773
2031-09-30,1848,5.063013699,4.496513498,0.7963957093,4.681344841
2031-10-31,1879,5.147945205,4.499648678,0.7932320728,4.691816383
2031-11-15,1894,5.189041096,4.501191185,0.7917032352,4.697031136
2031-11-30,1909,5.230136986,4.502750797,0.7901756355,4.702340017
2031-12-31,1940,5.315068493,4.506029578,0.7870224079,4.713602535
2032-01-31,1971,5.4,4.509385361,0.7838741382,4.725244187
2032-02-15,1986,5.44109589,4.511037431,0.7823525004,4.731008686
2032-02-29,2000,5.479452055,4.512596282,0.7809332894,4.736464068
2032-03-31,2031,5.564383562,4.51610694,0.777794046,4.748794697
2032-04-30,2061,5.646575342,4.519582736,0.7747602562,4.761044341
2032-05-15,2076,5.687671233,4.52134989,0.7732448582,4.767281396
2032-05-31,2092,5.731506849,4.523256513,0.7716295074,4.774014001
2032-06-30,2122,5.81369863,4.526892049,0.768603643,4.786851937
2032-07-31,2153,5.898630137,4.530732277,0.7654808049,4.800398377
2032-08-15,2168,5.939726027,4.532621025,0.7639711359,4.807050788
2032-08-31,2184,5.983561644,4.534657697,0.7623617956,4.814214169
2032-09-30,2214,6.065753425,4.538537685,0.7593469396,4.827825778
2032-10-31,2245,6.150684932,4.542630771,0.7562351499,4.842125306
2032-11-15,2260,6.191780822,4.544641769,0.7547307186,4.849125306
2032-11-30,2275,6.232876712,4.546672568,0.7532271055,4.856175672
2032-12-31,2306,6.317808219,4.550932015,0.7501221966,4.870898568
2033-01-31,2337,6.402739726,4.55527505,0.7470206836,4.885813961
2033-02-15,2352,6.443835616,4.557406277,0.7455211545,4.893095736
2033-02-28,2365,6.479452055,4.559268925,0.7442221916,4.899438931
2033-03-31,2396,6.564383562,4.563768547,0.7411270045,4.914679554
2033-04-30,2426,6.646575342,4.568199863,0.7381347775,4.929571282
2033-05-15,2441,6.687671233,4.570443509,0.7366398063,4.937065711
2033-05-31,2457,6.731506849,4.572857074,0.735046007,4.945093082
2033-06-30,2487,6.81369863,4.577438446,0.7320599564,4.960230594
2033-07-31,2518,6.898630137,4.58224798,0.7289775522,4.975979743
2033-08-15,2533,6.939726027,4.58460225,0.7274872284,4.983635448
2033-08-31,2549,6.983561644,4.587132659,0.7258983869,4.991824546
2033-11-15,2625,7.191780822,4.5994155,0.7183632764,5.030993846
2033-11-30,2640,7.232876712,4.601889729,0.7168784271,5.038767405
2034-02-15,2717,7.443835616,4.614837876,0.709268625,5.07881429
2034-05-15,2806,7.687671233,4.630290233,0.7004995958,5.125231751
2034-05-31,2822,7.731506849,4.63312007,0.6989262882,5.133572902
2034-08-15,2898,7.939726027,4.64676322,0.6914667114,5.173107787
2034-11-15,2990,8.191780822,4.663690744,0.6824682153,5.220629122
2034-11-30,3005,8.232876712,4.666490024,0.6810044962,5.22832782
2035-02-15,3082,8.443835616,4.681018097,0.673506607,5.267570985
2035-05-15,3171,8.687671233,4.698109579,0.6648749412,5.312241565
2035-05-31,3187,8.731506849,4.701212709,0.6633273237,5.320182046
2035-08-15,3263,8.939726027,4.71606514,0.6559942189,5.357478879
2035-11-15,3355,9.191780822,4.734261559,0.6471592064,5.401606337
2035-11-30,3370,9.232876712,4.737247706,0.6457232709,5.408686158
2036-02-15,3447,9.443835616,4.752648059,0.638373164,5.444486874
2036-05-15,3537,9.690410959,4.770771872,0.6298287006,5.48511482
2036-05-31,3553,9.734246575,4.774004682,0.6283151625,5.492193319
2036-08-15,3629,9.942465753,4.78939267,0.6211493504,5.525196289
2036-11-15,3721,10.19452055,4.808064679,0.6125289076,5.563727446
2036-11-30,3736,10.23561644,4.811110978,0.6111292119,5.569857639
2037-02-15,3813,10.44657534,4.826745898,0.603970667,5.600636965
2037-05-15,3902,10.69041096,4.844789449,0.5957537299,5.634744863
2037-05-31,3918,10.73424658,4.848027593,0.5942832414,5.640706505
2037-08-15,3994,10.94246575,4.863375591,0.5873271973,5.668305325
2037-11-15,4086,11.19452055,4.881860647,0.5789721555,5.700105088
2037-11-30,4101,11.23561644,4.884862682,0.5776168991,5.705120973
2038-02-15,4178,11.44657534,4.900212216,0.570691507,5.730117924
2038-05-15,4267,11.69041096,4.91781001,0.5627542763,5.757435008
2038-05-31,4283,11.73424658,4.920955451,0.5613352006,5.762166061
2038-08-15,4359,11.94246575,4.935813286,0.5546279162,5.783888247
2038-11-15,4451,12.19452055,4.953600317,0.5465837099,5.808524148
2038-11-30,4466,12.23561644,4.956478229,0.5452801035,5.812368681
2039-02-15,4543,12.44657534,4.971147459,0.53862396,5.831345609
2039-05-15,4632,12.69041096,4.987873729,0.5310061508,5.85170398
2039-05-31,4648,12.73424658,4.990853335,0.529645391,5.855185498
2039-08-15,4724,12.94246575,5.004887482,0.5232186422,5.870984293
2039-11-15,4816,13.19452055,5.021602519,0.5155214449,5.888487882
2039-11-30,4831,13.23561644,5.024298336,0.5142751444,5.891174629
2040-02-15,4908,13.44657534,5.038002522,0.5079162004,5.904235299
2040-05-15,4998,13.69315068,5.053727027,0.5005666827,5.917963768
2040-05-31,5014,13.7369863,5.056488496,0.4992695583,5.920232639
2040-08-15,5090,13.94520548,5.069461929,0.4931475386,5.930309248
2040-11-15,5182,14.19726027,5.084842361,0.4858242702,5.940976439
2040-11-30,5197,14.23835616,5.087315698,0.4846394201,5.942558587
2041-02-15,5274,14.44931507,5.099857859,0.4785978815,5.949995773
2041-05-15,5363,14.69315068,5.114027766,0.4717001335,5.957183
2041-05-31,5379,14.7369863,5.116537455,0.4704698401,5.958317032
2041-08-15,5455,14.94520548,5.128299518,0.4646667019,5.963055065
2041-11-15,5547,15.19726027,5.142182356,0.4577322667,5.967377876
2041-11-30,5562,15.23835616,5.144408567,0.4566110704,5.967938188
2042-02-15,5639,15.44931507,5.155670326,0.450897268,5.970186623
2042-05-15,5728,15.69315068,5.168337991,0.4443800702,5.971496685
2042-08-15,5820,15.94520548,5.181035334,0.4377414981,5.97143168
2042-11-15,5912,16.19726027,5.193325492,0.4312029376,5.969960104
2043-02-15,6004,16.44931507,5.205205911,0.424764356,5.967118702
2043-05-15,6093,16.69315068,5.216307271,0.4186307415,5.963101034
2043-08-15,6185,16.94520548,5.227376809,0.4123883644,5.957671988
2043-11-15,6277,17.19726027,5.238033006,0.4062452778,5.950982032
2044-02-15,6369,17.44931507,5.248275821,0.4002010698,5.943067523
2044-05-15,6459,17.69589041,5.257896426,0.3943834619,5.934174798
2044-08-15,6551,17.94794521,5.267323336,0.3885333359,5.923943686
2044-11-15,6643,18.2,5.27633966,0.3827804016,5.912594308
2045-02-15,6735,18.45205479,5.284947187,0.3771239556,5.900161509
2045-05-15,6824,18.69589041,5.292887044,0.3717430604,5.887135465
2045-08-15,6916,18.94794521,5.300696926,0.3662741621,5.872670947
2045-11-15,7008,19.2,5.308105379,0.3608993268,5.857223406
2046-02-15,7100,19.45205479,5.31511548,0.3556176381,5.840825582
2046-05-15,7189,19.69589041,5.321521053,0.3505959161,5.824088431
2046-08-15,7281,19.94794521,5.327757404,0.3454946476,5.80591432
2046-11-15,7373,20.2,5.33360597,0.3404835704,5.786883581
2047-02-15,7465,20.45205479,5.339070717,0.3355616216,5.767026569
2047-05-15,7554,20.69589041,5.343995913,0.3308839604,5.747058764
2047-08-15,7646,20.94794521,5.348717771,0.3261341537,5.725662358
2047-11-15,7738,21.2,5.353068534,0.3214701682,5.703526096
2048-02-15,7830,21.45205479,5.357052752,0.3168908482,5.680677868
2048-05-15,7920,21.69863014,5.360600156,0.3124918779,5.657663622
2048-08-15,8012,21.95068493,5.363873078,0.3080765834,5.633486682
2048-11-15,8104,22.20273973,5.366793607,0.3037424271,5.608677187
2049-02-15,8196,22.45479452,5.369366652,0.2994882037,5.583260588
2049-05-15,8285,22.69863014,5.371529802,0.2954476301,5.558118461
2049-08-15,8377,22.95068493,5.373433772,0.2913471245,5.531579448
2049-11-15,8469,23.20273973,5.375005151,0.287322944,5.504505368
2050-02-15,8561,23.45479452,5.376249036,0.2833738682,5.476919343
2050-05-15,8650,23.69863014,5.377145533,0.2796238892,5.449766921
2050-08-15,8742,23.95068493,5.377760082,0.2758190143,5.421239016
2050-11-15,8834,24.20273973,5.378062388,0.2720856311,5.392264478
2051-02-15,8926,24.45479452,5.378057612,0.2684225293,5.362864233
2051-05-15,9015,24.69863014,5.377765622,0.264944624,5.334036782
2051-08-15,9107,24.95068493,5.377171751,0.2614162847,5.303858047
2051-11-15,9199,25.20273973,5.376286088,0.2579546745,5.273312613
2052-02-15,9291,25.45479452,5.375113765,0.2545586127,5.242419357
2052-05-15,9381,25.70136986,5.373694457,0.2512986798,5.211878793
2052-08-15,9473,25.95342466,5.371970084,0.2480288501,5.180351146
2052-11-15,9565,26.20547945,5.369974207,0.2448211127,5.148529016
2053-02-15,9657,26.45753425,5.36771186,0.2416743298,5.116429374
2053-05-15,9746,26.70136986,5.365274419,0.2386871055,5.085127929
2053-08-15,9838,26.95342466,5.362502397,0.2356569712,5.052530116
2053-11-15,9930,27.20547945,5.359478649,0.2326844901,5.019702519
2054-02-15,10022,27.45753425,5.356208069,0.2297685767,4.986660364
2054-05-15,10111,27.70136986,5.352813815,0.2270005694,4.954505433
2054-08-15,10203,27.95342466,5.34907174,0.2241928323,4.921083993
2054-11-15,10295,28.20547945,5.345097102,0.2214385256,4.887490746
2055-02-15,10387,28.45753425,5.34089462,0.2187366213,4.853739309
2055-05-15,10476,28.70136986,5.336616749,0.2161717364,4.820950389
2055-08-15,10568,28.95342466,5.331979594,0.2135699865,4.786926015
2055-11-15,10660,29.20547945,5.327128309,0.2110176787,4.75278164
2056-02-15,10752,29.45753425,5.322067417,0.2085138461,4.718529411
2056-05-15,10842,29.70410959,5.316918016,0.2061104365,4.684928766
2056-08-15,10934,29.95616438,5.311455584,0.2036997128,4.650497595
